"imageName","resolution__x","resolution__y","taggedRectangles","taggedRectangles__taggedRectangle__x","taggedRectangles__taggedRectangle__y","taggedRectangles__taggedRectangle__width","taggedRectangles__taggedRectangle__height","taggedRectangles__taggedRectangle__offset","taggedRectangles__taggedRectangle__rotation","taggedRectangles__taggedRectangle__userName","taggedRectangles__taggedRectangle__tag","taggedRectangles__taggedRectangle__segmentation"
"apanar_06.08.2002/IMG_1261.JPG","1600","1200","","174.0","392.0","274.0","195.0","0.0","0.0","admin","self",""
"","","","","512.0","391.0","679.0","183.0","0.0","0.0","admin","adhesive",""
"","","","","184.0","612.0","622.0","174.0","-2.0","0.0","admin","address",""
"","","","","863.0","599.0","446.0","187.0","0.0","0.0","admin","labels",""
"","","","","72.0","6.0","95.0","87.0","0.0","0.0","admin","36",""
"","","","","247.0","2.0","197.0","88.0","0.0","0.0","admin","89m",""
"","","","","792.0","0.0","115.0","81.0","0.0","0.0","admin","cls",""
"","","","","200.0","848.0","228.0","139.0","0.0","0.0","admin","250",""
"","","","","473.0","878.0","165.0","109.0","14.0","0.0","admin","on",""
"","","","","684.0","878.0","71.0","106.0","12.0","0.0","admin","a",""
"","","","","806.0","844.0","218.0","141.0","26.0","0.0","admin","roll",""
"apanar_06.08.2002/IMG_1263.JPG","1600","1200","","432.0","635.0","847.0","172.0","0.0","0.0","admin","Natwest",""
"apanar_06.08.2002/IMG_1265.JPG","1600","1200","","656.0","222.0","502.0","81.0","0.0","0.0","admin","GREEK",""
"","","","","626.0","253.0","540.0","31.0","0.0","0.0","admin","GASTRONOMY",""
"","","","","709.0","307.0","409.0","69.0","0.0","0.0","admin","COOKERY",""
"","","","","791.0","368.0","265.0","73.0","0.0","0.0","admin","WINES",""
"","","","","1152.0","953.0","57.0","19.0","0.0","0.0","admin","LOCAL",""
"","","","","653.0","1006.0","63.0","15.0","0.0","0.0","admin","TOUBRS",""
"","","","","1101.0","974.0","111.0","14.0","0.0","0.0","admin","SPECIALTIES",""
"","","","","1065.0","1000.0","70.0","16.0","0.0","0.0","admin","FESTIVE",""
"","","","","1138.0","1000.0","74.0","15.0","0.0","0.0","admin","RECIPES",""
"","","","","1067.0","1025.0","145.0","18.0","0.0","0.0","admin","ILLUSTRATED",""
"apanar_06.08.2002/IMG_1269.JPG","1600","1200","","682.0","754.0","64.0","43.0","0.0","0.0","admin","83",""
"","","","","796.0","759.0","61.0","40.0","0.0","0.0","admin","73",""
"","","","","573.0","541.0","138.0","52.0","14.0","0.0","admin","The",""
"","","","","743.0","532.0","350.0","61.0","0.0","0.0","admin","HOUSE",""
"","","","","1141.0","528.0","64.0","75.0","22.0","0.0","admin","of",""
"","","","","642.0","635.0","103.0","52.0","14.0","0.0","admin","the",""
"","","","","788.0","625.0","363.0","59.0","0.0","0.0","admin","SPIRITS",""
"","","","","730.0","243.0","374.0","77.0","0.0","0.0","admin","ISABEL",""
"","","","","577.0","334.0","644.0","102.0","0.0","0.0","admin","ALLENDE",""
"","","","","611.0","458.0","99.0","26.0","0.0","0.0","admin","Intensely",""
"","","","","714.0","455.0","85.0","27.0","0.0","0.0","admin","moving",""
"","","","","810.0","451.0","54.0","26.0","0.0","0.0","admin","Both",""
"","","","","871.0","450.0","132.0","25.0","0.0","0.0","admin","entertaining",""
"","","","","1009.0","447.0","43.0","24.0","0.0","0.0","admin","and",""
"","","","","1058.0","446.0","70.0","28.0","0.0","0.0","admin","deeply",""
"","","","","1135.0","446.0","77.0","21.0","0.0","0.0","admin","serious",""
"","","","","815.0","486.0","87.0","26.0","0.0","0.0","admin","Evening",""
"","","","","908.0","484.0","100.0","23.0","4.0","0.0","admin","Standard",""
"apanar_06.08.2002/IMG_1281.JPG","1600","1200","","632.0","290.0","393.0","86.0","0.0","0.0","admin","DIGItaL",""
"","","","","876.0","386.0","257.0","37.0","0.0","0.0","admin","muLtImeDIa",""
"","","","","660.0","889.0","82.0","24.0","0.0","0.0","admin","WILEY",""
"","","","","938.0","779.0","53.0","25.0","0.0","0.0","admin","Nigel",""
"","","","","1000.0","778.0","92.0","25.0","0.0","0.0","admin","Chapman",""
"","","","","1101.0","781.0","34.0","17.0","0.0","0.0","admin","and",""
"","","","","937.0","813.0","59.0","23.0","0.0","0.0","admin","Jenny",""
"","","","","1004.0","810.0","91.0","24.0","0.0","0.0","admin","Chapman",""
"apanar_06.08.2002/IMG_1282.JPG","1600","1200","","722.0","130.0","364.0","70.0","2.0","0.0","admin","Software",""
"","","","","720.0","258.0","281.0","87.0","8.0","0.0","admin","Design",""
"","","","","716.0","385.0","121.0","70.0","4.0","0.0","admin","for",""
"","","","","720.0","515.0","384.0","68.0","6.0","0.0","admin","Real-time",""
"","","","","715.0","643.0","324.0","86.0","4.0","0.0","admin","Systems",""
"","","","","707.0","1021.0","45.0","68.0","4.0","0.0","admin","J",""
"","","","","785.0","1023.0","47.0","64.0","4.0","0.0","admin","E",""
"","","","","872.0","1020.0","400.0","64.0","4.0","0.0","admin","COOLING",""
"apanar_06.08.2002/IMG_1283.JPG","1600","1200","","517.0","200.0","633.0","112.0","0.0","0.0","admin","Nokia",""
"","","","","715.0","351.0","142.0","41.0","0.0","0.0","admin","adapter",""
"","","","","870.0","350.0","96.0","39.0","0.0","0.0","admin","Cable",""
"","","","","982.0","352.0","67.0","36.0","0.0","0.0","admin","DLR",""
"","","","","1068.0","354.0","44.0","35.0","0.0","0.0","admin","3P",""
"","","","","599.0","505.0","128.0","33.0","0.0","0.0","admin","A4382",""
"","","","","600.0","584.0","69.0","25.0","0.0","0.0","admin","Nokia",""
"","","","","598.0","633.0","63.0","25.0","0.0","0.0","admin","6210",""
"","","","","596.0","681.0","54.0","24.0","0.0","0.0","admin","DLR",""
"","","","","661.0","683.0","32.0","23.0","0.0","0.0","admin","3P",""
"","","","","700.0","685.0","57.0","22.0","0.0","0.0","admin","Data",""
"","","","","764.0","686.0","71.0","26.0","0.0","0.0","admin","Cable",""
"apanar_06.08.2002/IMG_1284.JPG","1600","1200","","614.0","373.0","290.0","51.0","0.0","0.0","admin","Professional",""
"","","","","614.0","431.0","155.0","49.0","0.0","0.0","admin","Issues",""
"","","","","780.0","431.0","44.0","49.0","0.0","0.0","admin","in",""
"","","","","614.0","487.0","221.0","51.0","0.0","0.0","admin","Software",""
"","","","","616.0","547.0","282.0","53.0","0.0","0.0","admin","Engineering",""
"","","","","602.0","632.0","39.0","18.0","0.0","0.0","admin","frank",""
"","","","","645.0","631.0","30.0","19.0","0.0","0.0","admin","bott",""
"","","","","684.0","632.0","48.0","16.0","0.0","0.0","admin","allison",""
"","","","","737.0","632.0","62.0","16.0","0.0","0.0","admin","coleman",""
"","","","","809.0","630.0","31.0","18.0","0.0","0.0","admin","jack",""
"","","","","844.0","628.0","41.0","17.0","0.0","0.0","admin","eaton",""
"","","","","895.0","627.0","40.0","17.0","0.0","0.0","admin","diane",""
"","","","","939.0","625.0","59.0","17.0","0.0","0.0","admin","rowland",""
"","","","","606.0","949.0","34.0","12.0","0.0","0.0","admin","THIRD",""
"","","","","643.0","947.0","42.0","14.0","0.0","0.0","admin","EDITION",""
"apanar_06.08.2002/IMG_1285.JPG","1600","1200","","726.0","864.0","368.0","47.0","0.0","0.0","admin","SILBERSCHATZ",""
"","","","","802.0","913.0","217.0","42.0","0.0","0.0","admin","GALVIN",""
"","","","","651.0","229.0","422.0","53.0","0.0","0.0","admin","OPERATING",""
"","","","","726.0","291.0","281.0","52.0","0.0","0.0","admin","SYSTEM",""
"","","","","686.0","354.0","358.0","52.0","0.0","0.0","admin","CONCEPTS",""
"","","","","807.0","429.0","43.0","22.0","0.0","0.0","admin","Fifth",""
"","","","","859.0","430.0","67.0","20.0","0.0","0.0","admin","Edition",""
"apanar_06.08.2002/IMG_1286.JPG","1600","1200","","739.0","130.0","163.0","32.0","0.0","0.0","admin","SYSTEMS",""
"","","","","912.0","131.0","125.0","30.0","0.0","0.0","admin","SERIES",""
"","","","","482.0","220.0","236.0","58.0","0.0","0.0","admin","Systems",""
"","","","","731.0","219.0","231.0","53.0","0.0","0.0","admin","Analysis",""
"","","","","734.0","282.0","186.0","54.0","0.0","0.0","admin","Design",""
"","","","","551.0","287.0","168.0","41.0","0.0","0.0","admin","stems",""
"","","","","576.0","391.0","46.0","31.0","0.0","0.0","admin","ID",""
"","","","","635.0","387.0","158.0","35.0","0.0","0.0","admin","MASON",""
"","","","","861.0","388.0","152.0","32.0","0.0","0.0","admin","LESLIE",""
"","","","","1029.0","386.0","258.0","34.0","0.0","0.0","admin","WILLCOCKS",""
"","","","","670.0","986.0","199.0","40.0","0.0","0.0","admin","BUSINESS",""
"","","","","665.0","1040.0","210.0","37.0","0.0","0.0","admin","STRATEGY",""
"","","","","639.0","1151.0","43.0","34.0","0.0","0.0","admin","IT",""
"","","","","694.0","1146.0","209.0","37.0","0.0","0.0","admin","STRATEGY",""
"","","","","474.0","91.0","255.0","70.0","0.0","0.0","admin","iNFORMATION",""
"apanar_06.08.2002/IMG_1288.JPG","1600","1200","","757.0","215.0","333.0","92.0","0.0","0.0","admin","under",""
"","","","","1103.0","210.0","289.0","97.0","0.0","0.0","admin","wear",""
"","","","","436.0","211.0","80.0","120.0","0.0","0.0","admin","S",""
"apanar_06.08.2002/IMG_1289.JPG","1600","1200","","699.0","109.0","136.0","42.0","0.0","0.0","admin","ALAN",""
"","","","","851.0","110.0","260.0","44.0","0.0","0.0","admin","CLEMENTS",""
"","","","","582.0","260.0","55.0","55.0","0.0","0.0","admin","T",""
"","","","","808.0","256.0","329.0","75.0","0.0","0.0","admin","rinciples",""
"","","","","1163.0","252.0","70.0","61.0","0.0","0.0","admin","of",""
"","","","","786.0","339.0","304.0","75.0","0.0","0.0","admin","omputer",""
"","","","","728.0","417.0","364.0","57.0","0.0","0.0","admin","Hardware",""
"","","","","743.0","562.0","155.0","30.0","0.0","0.0","admin","SECOND",""
"","","","","910.0","560.0","160.0","32.0","0.0","0.0","admin","EDITION",""
"apanar_06.08.2002/IMG_1290.JPG","1600","1200","","376.0","191.0","954.0","214.0","0.0","0.0","admin","Software",""
"","","","","378.0","404.0","946.0","157.0","0.0","0.0","admin","Engineering",""
"","","","","688.0","556.0","104.0","61.0","0.0","0.0","admin","Ian",""
"","","","","813.0","555.0","396.0","61.0","0.0","0.0","admin","Sommerville",""
"apanar_06.08.2002/IMG_1291.JPG","1600","1200","","166.0","182.0","201.0","49.0","0.0","0.0","admin","vaio",""
"","","","","624.0","192.0","243.0","166.0","0.0","0.0","admin","go",""
"","","","","921.0","175.0","597.0","145.0","0.0","0.0","admin","create",""
"","","","","977.0","419.0","528.0","108.0","0.0","0.0","admin","SONY",""
"apanar_06.08.2002/IMG_1292.JPG","1598","922","","386.0","278.0","1113.0","219.0","0.0","0.0","admin","conditions",""
"apanar_06.08.2002/IMG_1293.JPG","1255","981","","223.0","337.0","423.0","106.0","0.0","0.0","admin","Handle",""
"","","","","686.0","349.0","245.0","100.0","0.0","0.0","admin","with",""
"","","","","981.0","367.0","255.0","85.0","0.0","0.0","admin","care",""
"","","","","3.0","829.0","205.0","66.0","0.0","0.0","admin","pleaes",""
"","","","","235.0","835.0","182.0","47.0","0.0","0.0","admin","return",""
"","","","","436.0","831.0","60.0","53.0","0.0","0.0","admin","to",""
"","","","","542.0","832.0","197.0","53.0","0.0","0.0","admin","Future",""
"","","","","761.0","834.0","327.0","66.0","0.0","0.0","admin","Publishing",""
"","","","","1111.0","831.0","90.0","54.0","0.0","0.0","admin","Ltd",""
"","","","","19.0","918.0","313.0","53.0","0.0","0.0","admin","Somerton",""
"","","","","366.0","920.0","151.0","51.0","0.0","0.0","admin","TA11",""
"","","","","546.0","921.0","122.0","51.0","0.0","0.0","admin","6TB",""
"","","","","707.0","917.0","199.0","55.0","0.0","0.0","admin","United",""
"","","","","927.0","916.0","265.0","65.0","0.0","0.0","admin","Kingdom",""
"apanar_06.08.2002/IMG_1294.JPG","1124","430","","140.0","124.0","647.0","200.0","0.0","0.0","admin","HSBC",""
"apanar_06.08.2002/IMG_1298.JPG","1600","1200","","891.0","1144.0","466.0","30.0","0.0","0.0","admin","EDITION",""
"","","","","607.0","263.0","604.0","83.0","0.0","0.0","admin","SYSTEMS",""
"","","","","614.0","140.0","592.0","85.0","0.0","0.0","admin","DATABASE",""
"","","","","605.0","85.0","71.0","35.0","0.0","0.0","admin","AN",""
"","","","","704.0","83.0","415.0","35.0","0.0","0.0","admin","INTRODUCTION",""
"","","","","1141.0","82.0","68.0","34.0","0.0","0.0","admin","TO",""
"","","","","620.0","832.0","232.0","68.0","0.0","0.0","admin","C.J.",""
"","","","","922.0","829.0","272.0","65.0","0.0","0.0","admin","DATE",""
"","","","","456.0","1145.0","319.0","31.0","0.0","0.0","admin","SIXTH",""
"apanar_06.08.2002/IMG_1299.JPG","1600","1200","","129.0","685.0","183.0","39.0","0.0","0.0","admin","STUART",""
"","","","","130.0","731.0","188.0","41.0","0.0","0.0","admin","RUSSELL",""
"","","","","131.0","797.0","132.0","40.0","0.0","0.0","admin","PETER",""
"","","","","130.0","843.0","178.0","41.0","0.0","0.0","admin","NORVIG",""
"","","","","556.0","431.0","684.0","84.0","0.0","0.0","admin","INTELLIGENCE",""
"","","","","711.0","341.0","454.0","78.0","0.0","0.0","admin","RTIFICIAL",""
"","","","","655.0","535.0","32.0","38.0","0.0","0.0","admin","A",""
"","","","","700.0","534.0","188.0","40.0","0.0","0.0","admin","MODERN",""
"","","","","899.0","537.0","239.0","38.0","0.0","0.0","admin","APPROACH",""
"apanar_06.08.2002/IMG_1300.JPG","1600","1200","","822.0","94.0","164.0","27.0","4.0","0.0","admin","essence",""
"","","","","1011.0","39.0","46.0","93.0","18.0","0.0","admin","of",""
"","","","","953.0","158.0","286.0","50.0","0.0","0.0","admin","computing",""
"","","","","375.0","360.0","127.0","46.0","0.0","0.0","admin","THE",""
"","","","","539.0","358.0","294.0","45.0","0.0","0.0","admin","ESSENCE",""
"","","","","872.0","354.0","81.0","45.0","0.0","0.0","admin","OF",""
"","","","","641.0","477.0","529.0","61.0","0.0","0.0","admin","ARTIFICIAL",""
"","","","","592.0","589.0","628.0","53.0","0.0","0.0","admin","INTELLIGENCE",""
"apanar_06.08.2002/IMG_1301.JPG","955","500","","481.0","399.0","349.0","79.0","0.0","0.0","admin","Students",""
"","","","","184.0","301.0","719.0","110.0","0.0","0.0","admin","Engineering",""
"","","","","250.0","236.0","115.0","80.0","0.0","0.0","admin","for",""
"","","","","49.0","153.0","858.0","84.0","0.0","0.0","admin","Communication",""
"apanar_06.08.2002/IMG_1302.JPG","1600","1200","","826.0","143.0","25.0","25.0","0.0","0.0","admin","o",""
"","","","","809.0","130.0","44.0","51.0","0.0","0.0","admin","C",""
"","","","","793.0","128.0","17.0","54.0","0.0","0.0","admin","i",""
"","","","","584.0","197.0","174.0","20.0","0.0","0.0","admin","INTERNATIONAL",""
"","","","","762.0","193.0","121.0","23.0","0.0","0.0","admin","COMPUTER",""
"","","","","889.0","191.0","93.0","24.0","0.0","0.0","admin","SCIENCE",""
"","","","","988.0","189.0","75.0","24.0","0.0","0.0","admin","SERIES",""
"","","","","351.0","266.0","366.0","85.0","0.0","0.0","admin","DISCRETE",""
"","","","","746.0","254.0","556.0","94.0","0.0","0.0","admin","MATHEMATICS",""
"","","","","373.0","452.0","418.0","92.0","0.0","0.0","admin","COMPUTER",""
"","","","","758.0","364.0","139.0","77.0","0.0","0.0","admin","FOR",""
"","","","","835.0","452.0","450.0","79.0","0.0","0.0","admin","SCIENTISTS",""
"apanar_06.08.2002/IMG_1303.JPG","1600","1200","","917.0","720.0","102.0","29.0","0.0","0.0","admin","release",""
"","","","","1026.0","720.0","33.0","30.0","0.0","0.0","admin","of",""
"","","","","1094.0","718.0","48.0","25.0","0.0","0.0","admin","NET",""
"","","","","1150.0","720.0","53.0","28.0","0.0","0.0","admin","v10",""
"","","","","553.0","824.0","59.0","19.0","0.0","0.0","admin","Marco",""
"","","","","616.0","823.0","77.0","21.0","0.0","0.0","admin","Bellinaso",""
"","","","","699.0","823.0","33.0","20.0","0.0","0.0","admin","and",""
"","","","","738.0","822.0","49.0","24.0","0.0","0.0","admin","Kevin",""
"","","","","793.0","820.0","80.0","24.0","0.0","0.0","admin","Hoffman",""
"","","","","578.0","929.0","63.0","13.0","0.0","0.0","admin","WROX",""
"","","","","846.0","882.0","42.0","14.0","0.0","0.0","admin","wrox",""
"","","","","892.0","879.0","71.0","18.0","0.0","0.0","admin","technical",""
"","","","","967.0","880.0","57.0","19.0","0.0","0.0","admin","support",""
"","","","","1028.0","882.0","15.0","15.0","0.0","0.0","admin","at",""
"","","","","1063.0","879.0","62.0","18.0","0.0","0.0","admin","support",""
"","","","","1144.0","879.0","76.0","15.0","0.0","0.0","admin","wroxcom",""
"","","","","867.0","903.0","62.0","22.0","0.0","0.0","admin","Updates",""
"","","","","934.0","906.0","28.0","15.0","0.0","0.0","admin","and",""
"","","","","967.0","906.0","49.0","15.0","0.0","0.0","admin","source",""
"","","","","1021.0","905.0","37.0","14.0","0.0","0.0","admin","code",""
"","","","","1063.0","905.0","15.0","15.0","0.0","0.0","admin","at",""
"","","","","1100.0","905.0","40.0","13.0","0.0","0.0","admin","www",""
"","","","","1144.0","904.0","76.0","15.0","0.0","0.0","admin","wroxcom",""
"","","","","1144.0","928.0","76.0","15.0","0.0","0.0","admin","wroxcom",""
"","","","","953.0","927.0","34.0","19.0","0.0","0.0","admin","Peer",""
"","","","","992.0","930.0","74.0","14.0","0.0","0.0","admin","discussion",""
"","","","","1071.0","930.0","17.0","14.0","0.0","0.0","admin","at",""
"","","","","1107.0","926.0","32.0","22.0","0.0","0.0","admin","p2p",""
"","","","","960.0","14.0","112.0","19.0","0.0","0.0","admin","Programmer",""
"","","","","1077.0","15.0","19.0","16.0","0.0","0.0","admin","to",""
"","","","","1103.0","13.0","112.0","19.0","0.0","0.0","admin","Programmer",""
"","","","","541.0","432.0","319.0","78.0","0.0","0.0","admin","ASPNET",""
"","","","","882.0","435.0","324.0","68.0","0.0","0.0","admin","Website",""
"","","","","546.0","520.0","539.0","81.0","0.0","0.0","admin","Programming",""
"","","","","547.0","617.0","168.0","36.0","0.0","0.0","admin","Problem",""
"","","","","793.0","614.0","143.0","40.0","0.0","0.0","admin","Design",""
"","","","","1015.0","610.0","169.0","34.0","0.0","0.0","admin","Solution",""
"","","","","550.0","727.0","96.0","25.0","0.0","0.0","admin","Written",""
"","","","","654.0","728.0","49.0","22.0","0.0","0.0","admin","and",""
"","","","","711.0","726.0","86.0","25.0","0.0","0.0","admin","tested",""
"","","","","804.0","723.0","41.0","28.0","0.0","0.0","admin","for",""
"","","","","851.0","719.0","61.0","31.0","0.0","0.0","admin","final",""
"apanar_06.08.2002/IMG_1304.JPG","1600","1200","","631.0","356.0","302.0","39.0","0.0","0.0","admin","WOLFGANG",""
"","","","","987.0","349.0","301.0","36.0","0.0","0.0","admin","EMMERICH",""
"","","","","508.0","427.0","220.0","83.0","0.0","0.0","admin","Engin",""
"","","","","860.0","420.0","122.0","79.0","0.0","0.0","admin","ing",""
"","","","","508.0","508.0","453.0","82.0","0.0","0.0","admin","Distributed",""
"","","","","510.0","604.0","292.0","86.0","0.0","0.0","admin","Objects",""
"apanar_06.08.2002/Img_1305.jpg","1019","611","","257.0","433.0","494.0","91.0","0.0","0.0","admin","LIGHTS",""
"","","","","68.0","56.0","855.0","357.0","0.0","0.0","admin","Marlboro",""
"apanar_06.08.2002/IMG_1306.JPG","1600","1200","","477.0","115.0","397.0","115.0","0.0","0.0","admin","autumn",""
"","","","","914.0","119.0","323.0","115.0","0.0","0.0","admin","winter",""
"","","","","1271.0","118.0","222.0","115.0","0.0","0.0","admin","2001",""
"apanar_06.08.2002/IMG_1307.JPG","1600","1200","","674.0","1.0","617.0","264.0","76.0","0.0","admin","Argos",""
"apanar_06.08.2002/IMG_1308.JPG","1600","1200","","525.0","12.0","377.0","134.0","0.0","0.0","admin","Philips",""
"","","","","948.0","9.0","248.0","109.0","0.0","0.0","admin","fisio",""
"","","","","1256.0","17.0","293.0","113.0","0.0","0.0","admin","820e",""
"apanar_06.08.2002/IMG_1311.JPG","1600","1200","","450.0","224.0","762.0","217.0","0.0","0.0","admin","Inspiring",""
"","","","","739.0","456.0","699.0","136.0","0.0","0.0","admin","scenes",""
"","","","","1084.0","613.0","60.0","28.0","0.0","0.0","admin","the",""
"","","","","1159.0","607.0","181.0","39.0","0.0","0.0","admin","Edinburg",""
"","","","","1349.0","606.0","149.0","36.0","0.0","0.0","admin","festivals",""
"","","","","1508.0","609.0","88.0","31.0","0.0","0.0","admin","most",""
"apanar_06.08.2002/IMG_1312.JPG","1600","1200","","387.0","511.0","1195.0","276.0","44.0","0.0","admin","ESPMOTO",""
"","","","","195.0","963.0","188.0","47.0","6.0","0.0","admin","Experience",""
"","","","","392.0","965.0","52.0","38.0","6.0","0.0","admin","the",""
"","","","","457.0","962.0","190.0","40.0","6.0","0.0","admin","Revolution",""
"","","","","660.0","965.0","83.0","38.0","6.0","0.0","admin","with",""
"","","","","756.0","964.0","137.0","48.0","8.0","0.0","admin","Orange",""
"","","","","910.0","973.0","26.0","32.0","6.0","0.0","admin","To",""
"","","","","943.0","976.0","64.0","26.0","6.0","0.0","admin","order",""
"","","","","1011.0","980.0","56.0","27.0","4.0","0.0","admin","your",""
"","","","","1072.0","975.0","54.0","27.0","6.0","0.0","admin","v70e",""
"","","","","1133.0","979.0","31.0","22.0","4.0","0.0","admin","on",""
"","","","","1172.0","974.0","90.0","31.0","6.0","0.0","admin","Orange",""
"","","","","1274.0","974.0","84.0","33.0","6.0","0.0","admin","please",""
"","","","","1366.0","973.0","43.0","27.0","6.0","0.0","admin","call",""
"","","","","1420.0","972.0","40.0","26.0","4.0","0.0","admin","150",""
"","","","","1465.0","972.0","47.0","27.0","6.0","0.0","admin","and",""
"","","","","1518.0","970.0","66.0","32.0","6.0","0.0","admin","press",""
"","","","","53.0","970.0","97.0","32.0","0.0","0.0","admin","orange",""
"apanar_06.08.2002/IMG_1315.JPG","1600","1200","","698.0","165.0","258.0","56.0","0.0","0.0","admin","SUMMER",""
"","","","","1007.0","164.0","172.0","63.0","0.0","0.0","admin","2002",""
"apanar_06.08.2002/IMG_1316.JPG","1600","1200","","1369.0","1018.0","104.0","31.0","0.0","0.0","admin","orange",""
"","","","","332.0","365.0","438.0","92.0","0.0","0.0","admin","SOUNDS",""
"","","","","795.0","369.0","137.0","85.0","0.0","0.0","admin","OF",""
"","","","","955.0","369.0","417.0","86.0","0.0","0.0","admin","SUMMER",""
"","","","","943.0","468.0","79.0","23.0","0.0","0.0","admin","events",""
"","","","","867.0","467.0","71.0","22.0","0.0","0.0","admin","music",""
"","","","","824.0","464.0","37.0","26.0","0.0","0.0","admin","live",""
"","","","","764.0","464.0","54.0","25.0","0.0","0.0","admin","best",""
"","","","","334.0","463.0","48.0","26.0","0.0","0.0","admin","The",""
"","","","","390.0","467.0","25.0","23.0","0.0","0.0","admin","O",""
"","","","","707.0","462.0","51.0","28.0","0.0","0.0","admin","he's",""
"apanar_06.08.2002/IMG_1317.JPG","1600","1200","","589.0","307.0","453.0","134.0","0.0","0.0","admin","Building",""
"","","","","1083.0","310.0","253.0","100.0","0.0","0.0","admin","Web",""
"","","","","440.0","461.0","450.0","103.0","0.0","0.0","admin","Services",""
"","","","","928.0","461.0","244.0","100.0","0.0","0.0","admin","with",""
"","","","","1217.0","467.0","219.0","117.0","0.0","0.0","admin","Java",""
"","","","","1440.0","484.0","35.0","24.0","0.0","0.0","admin","TM",""
"","","","","497.0","617.0","151.0","49.0","0.0","0.0","admin","Making",""
"","","","","657.0","617.0","110.0","41.0","0.0","0.0","admin","Sence",""
"","","","","778.0","616.0","43.0","42.0","0.0","0.0","admin","of",""
"","","","","831.0","617.0","97.0","39.0","0.0","0.0","admin","XML",""
"","","","","952.0","620.0","107.0","36.0","0.0","0.0","admin","SOAP",""
"","","","","1078.0","620.0","120.0","37.0","0.0","0.0","admin","WSDL",""
"","","","","1222.0","620.0","75.0","36.0","0.0","0.0","admin","and",""
"","","","","1310.0","621.0","111.0","35.0","0.0","0.0","admin","UDDI",""
"lfsosa_12.08.2002/IMG_2013.jpg","669","520","","406.0","349.0","75.0","25.0","0.0","0.0","admin","AIRCRAFT",""
"","","","","274.0","343.0","36.0","26.0","0.0","0.0","admin","AND",""
"","","","","176.0","373.0","55.0","26.0","0.0","0.0","admin","BLAST",""
"","","","","237.0","376.0","39.0","25.0","0.0","0.0","admin","CAN",""
"","","","","281.0","376.0","51.0","27.0","0.0","0.0","admin","CAUSE",""
"","","","","316.0","345.0","86.0","26.0","0.0","0.0","admin","DEPARTING",""
"","","","","212.0","340.0","58.0","28.0","0.0","0.0","admin","FLYING",""
"","","","","420.0","380.0","51.0","26.0","0.0","0.0","admin","INJURY",""
"","","","","165.0","339.0","42.0","27.0","0.0","0.0","admin","LOW",""
"","","","","337.0","379.0","79.0","27.0","0.0","0.0","admin","PHYSICAL",""
"","","","","304.0","296.0","125.0","34.0","2.0","0.0","admin","WARNING!",""
"lfsosa_12.08.2002/IMG_2460.JPG","640","480","","96.0","199.0","429.0","59.0","0.0","0.0","admin","ALLIGATOR",""
"","","","","163.0","121.0","318.0","56.0","0.0","0.0","admin","BEWARE",""
"","","","","202.0","283.0","246.0","59.0","0.0","0.0","admin","TEETH",""
"lfsosa_12.08.2002/IMG_2461.JPG","640","480","","298.0","303.0","155.0","49.0","0.0","0.0","admin","(412"")",""
"","","","","114.0","314.0","161.0","40.0","4.0","0.0","admin","115mm",""
"","","","","251.0","160.0","170.0","39.0","0.0","0.0","admin","caution",""
"","","","","207.0","204.0","153.0","45.0","0.0","0.0","admin","Height",""
"","","","","195.0","120.0","179.0","36.0","2.0","0.0","admin","Proceed",""
"","","","","285.0","256.0","146.0","38.0","0.0","0.0","admin","raised",""
"","","","","139.0","263.0","121.0","36.0","0.0","0.0","admin","when",""
"","","","","135.0","168.0","93.0","35.0","2.0","0.0","admin","with",""
"lfsosa_12.08.2002/IMG_2462.JPG","640","480","","79.0","167.0","473.0","71.0","0.0","0.0","admin","Beardwell",""
"","","","","21.0","352.0","161.0","24.0","4.0","0.0","admin","construction",""
"","","","","77.0","247.0","290.0","43.0","0.0","0.0","admin","Construction",""
"","","","","386.0","252.0","168.0","44.0","0.0","0.0","admin","Limited",""
"","","","","434.0","359.0","176.0","25.0","4.0","0.0","admin","maintenance",""
"","","","","215.0","354.0","190.0","26.0","8.0","0.0","admin","refurbishment",""
"lfsosa_12.08.2002/IMG_2463.JPG","640","480","","22.0","140.0","573.0","178.0","0.0","0.0","admin","Ouch!",""
"lfsosa_12.08.2002/IMG_2464.JPG","640","480","","68.0","190.0","333.0","64.0","-8.0","0.0","admin","Boundary",""
"","","","","419.0","187.0","178.0","55.0","0.0","0.0","admin","Road",""
"lfsosa_12.08.2002/IMG_2466.JPG","640","480","","27.0","96.0","575.0","282.0","0.0","0.0","admin","STOP",""
"lfsosa_12.08.2002/IMG_2468.JPG","1024","768","","186.0","139.0","605.0","117.0","0.0","0.0","admin","CLOCK",""
"","","","","67.0","282.0","847.0","127.0","0.0","0.0","admin","MUSEUM",""
"","","","","50.0","460.0","891.0","101.0","0.0","0.0","admin","TYMPERLEYS",""
"lfsosa_12.08.2002/IMG_2469.JPG","1024","768","","681.0","449.0","300.0","74.0","4.0","0.0","admin","Council",""
"","","","","355.0","441.0","289.0","87.0","0.0","0.0","admin","County",""
"","","","","74.0","433.0","244.0","72.0","0.0","0.0","admin","Essex",""
"","","","","381.0","541.0","277.0","66.0","0.0","0.0","admin","Libraries",""
"lfsosa_12.08.2002/IMG_2471.JPG","640","480","","274.0","180.0","48.0","53.0","0.0","0.0","admin","&",""
"","","","","361.0","367.0","78.0","52.0","0.0","0.0","admin","BY",""
"","","","","461.0","365.0","138.0","53.0","0.0","0.0","admin","CAR",""
"","","","","47.0","366.0","296.0","52.0","0.0","0.0","admin","COLLECT",""
"","","","","35.0","174.0","213.0","57.0","0.0","0.0","admin","MARKS",""
"","","","","346.0","173.0","272.0","60.0","0.0","0.0","admin","Spencer",""
"","","","","445.0","73.0","85.0","49.0","0.0","0.0","admin","TO",""
"","","","","118.0","74.0","306.0","47.0","0.0","0.0","admin","WELCOME",""
"lfsosa_12.08.2002/IMG_2472.JPG","640","480","","135.0","207.0","119.0","104.0","0.0","0.0","admin","H",""
"","","","","259.0","203.0","360.0","107.0","0.0","0.0","admin","Smith",""
"","","","","11.0","207.0","124.0","102.0","0.0","0.0","admin","W",""
"","","","","107.0","449.0","74.0","17.0","4.0","0.0","admin","Summer",""
"lfsosa_12.08.2002/IMG_2473.JPG","640","480","","199.0","311.0","103.0","29.0","0.0","0.0","admin","HIGH",""
"","","","","168.0","227.0","117.0","42.0","0.0","0.0","admin","LION",""
"","","","","54.0","228.0","99.0","39.0","0.0","0.0","admin","RED",""
"","","","","455.0","229.0","163.0","41.0","0.0","0.0","admin","SHOPS",""
"","","","","313.0","313.0","152.0","29.0","0.0","0.0","admin","STREET",""
"","","","","304.0","229.0","138.0","41.0","0.0","0.0","admin","YARD",""
"lfsosa_12.08.2002/IMG_2474.JPG","640","480","","60.0","114.0","513.0","90.0","0.0","0.0","admin","SUMMER",""
"","","","","444.0","220.0","120.0","48.0","0.0","0.0","admin","THE",""
"","","","","59.0","287.0","511.0","90.0","0.0","0.0","admin","WEATHER",""
"","","","","55.0","224.0","367.0","51.0","0.0","0.0","admin","WHATEVER",""
"lfsosa_12.08.2002/IMG_2476.JPG","640","480","","292.0","328.0","275.0","100.0","0.0","0.0","admin","Here",""
"","","","","242.0","50.0","126.0","106.0","0.0","0.0","admin","M",""
"","","","","30.0","213.0","521.0","136.0","0.0","0.0","admin","Summer's",""
"","","","","369.0","132.0","19.0","23.0","0.0","0.0","admin","TM",""
"lfsosa_12.08.2002/IMG_2477.JPG","640","480","","312.0","451.0","21.0","27.0","0.0","0.0","admin","&",""
"","","","","6.0","438.0","103.0","40.0","0.0","0.0","admin","Angus",""
"","","","","161.0","336.0","432.0","118.0","0.0","0.0","admin","Directory",""
"","","","","3.0","136.0","20.0","32.0","0.0","0.0","admin","E",""
"","","","","187.0","138.0","120.0","31.0","0.0","0.0","admin","GUIDE",""
"","","","","115.0","443.0","18.0","33.0","0.0","0.0","admin","J",""
"","","","","155.0","445.0","147.0","34.0","0.0","0.0","admin","Kennedy",""
"","","","","349.0","451.0","90.0","28.0","0.0","0.0","admin","Peter",""
"","","","","38.0","138.0","131.0","31.0","0.0","0.0","admin","ROUGH",""
"","","","","27.0","192.0","564.0","139.0","0.0","0.0","admin","Website",""
"lfsosa_12.08.2002/IMG_2478.JPG","640","480","","337.0","412.0","97.0","35.0","0.0","0.0","admin","Bequet",""
"","","","","242.0","417.0","84.0","33.0","0.0","0.0","admin","Henry",""
"","","","","19.0","218.0","267.0","107.0","0.0","0.0","admin","Java",""
"","","","","157.0","140.0","349.0","37.0","0.0","0.0","admin","PROFESSIONAL",""
"","","","","317.0","212.0","303.0","88.0","0.0","0.0","admin","SOAP",""
"","","","","31.0","437.0","55.0","15.0","0.0","0.0","admin","WROX",""
"lfsosa_12.08.2002/IMG_2480.JPG","640","480","","0.0","390.0","277.0","89.0","0.0","0.0","admin","form",""
"","","","","19.0","113.0","576.0","192.0","0.0","0.0","admin","J2SE",""
"","","","","504.0","387.0","135.0","92.0","0.0","0.0","admin","da",""
"lfsosa_12.08.2002/IMG_2481.JPG","640","480","","259.0","154.0","165.0","33.0","0.0","0.0","admin","COLCHESTER",""
"","","","","228.0","259.0","233.0","54.0","-4.0","0.0","admin","OFFICE",""
"","","","","261.0","199.0","169.0","52.0","-4.0","0.0","admin","POST",""
"lfsosa_12.08.2002/IMG_2482.JPG","640","480","","215.0","140.0","193.0","69.0","0.0","0.0","admin","BEER",""
"","","","","136.0","235.0","360.0","71.0","0.0","0.0","admin","GARDEN",""
"lfsosa_12.08.2002/IMG_2483.JPG","640","480","","287.0","274.0","138.0","62.0","0.0","0.0","admin","gate",""
"","","","","229.0","201.0","133.0","54.0","0.0","0.0","admin","lock",""
"","","","","187.0","127.0","219.0","55.0","0.0","0.0","admin","Please",""
"","","","","168.0","275.0","102.0","50.0","0.0","0.0","admin","the",""
"lfsosa_12.08.2002/IMG_2484.JPG","640","480","","123.0","219.0","396.0","75.0","0.0","0.0","admin","HOTEL",""
"lfsosa_12.08.2002/IMG_2485.JPG","640","480","","66.0","124.0","515.0","94.0","8.0","0.0","admin","DENTAL",""
"","","","","28.0","263.0","585.0","101.0","0.0","0.0","admin","SURGERY",""
"lfsosa_12.08.2002/IMG_2486.JPG","640","480","","319.0","140.0","26.0","31.0","0.0","0.0","admin","H",""
"","","","","75.0","215.0","502.0","90.0","0.0","0.0","admin","HOLSTEN",""
"","","","","352.0","327.0","70.0","29.0","0.0","0.0","admin","Lager",""
"","","","","283.0","329.0","61.0","26.0","0.0","0.0","admin","Pure",""
"lfsosa_12.08.2002/IMG_2487.JPG","640","480","","350.0","303.0","232.0","41.0","4.0","0.0","admin","Associates",""
"","","","","230.0","307.0","104.0","35.0","4.0","0.0","admin","Care",""
"","","","","289.0","160.0","293.0","131.0","0.0","0.0","admin","FCA",""
"","","","","67.0","308.0","144.0","38.0","6.0","0.0","admin","Foster",""
"lfsosa_12.08.2002/IMG_2488.JPG","640","480","","47.0","213.0","554.0","61.0","0.0","0.0","admin","MIDDLEBOROUGH",""
"lfsosa_12.08.2002/IMG_2489.JPG","640","480","","51.0","275.0","491.0","115.0","12.0","0.0","admin","London",""
"","","","","214.0","139.0","389.0","149.0","24.0","0.0","admin","Royal",""
"lfsosa_12.08.2002/IMG_2490.JPG","640","480","","64.0","119.0","476.0","184.0","36.0","0.0","admin","NHS",""
"lfsosa_12.08.2002/IMG_2491.JPG","640","480","","7.0","210.0","605.0","128.0","0.0","0.0","admin","Connells",""
"lfsosa_12.08.2002/IMG_2493.JPG","640","480","","481.0","260.0","123.0","42.0","0.0","0.0","admin","bank",""
"","","","","30.0","116.0","362.0","107.0","0.0","0.0","admin","HSBC",""
"","","","","344.0","258.0","121.0","45.0","0.0","0.0","admin","local",""
"","","","","34.0","253.0","99.0","44.0","0.0","0.0","admin","The",""
"","","","","149.0","256.0","180.0","43.0","0.0","0.0","admin","world's",""
"lfsosa_12.08.2002/IMG_2495.JPG","640","480","","227.0","218.0","266.0","29.0","0.0","0.0","admin","Communications",""
"","","","","351.0","121.0","179.0","49.0","0.0","0.0","admin","House",""
"","","","","504.0","222.0","41.0","25.0","0.0","0.0","admin","Ltd",""
"","","","","348.0","340.0","74.0","24.0","0.0","0.0","admin","Office",""
"","","","","196.0","339.0","142.0","29.0","0.0","0.0","admin","Registered",""
"","","","","74.0","215.0","147.0","30.0","0.0","0.0","admin","Seatrade",""
"","","","","80.0","118.0","254.0","50.0","0.0","0.0","admin","Seatrade",""
"lfsosa_12.08.2002/IMG_2498.JPG","640","480","","469.0","261.0","43.0","19.0","0.0","0.0","admin","1996",""
"","","","","249.0","258.0","32.0","23.0","0.0","0.0","admin","547",""
"","","","","235.0","159.0","22.0","26.0","0.0","0.0","admin","a",""
"","","","","163.0","210.0","24.0","27.0","0.0","0.0","admin","a",""
"","","","","436.0","262.0","27.0","17.0","0.0","0.0","admin","Act",""
"","","","","468.0","159.0","61.0","26.0","0.0","0.0","admin","can",""
"","","","","385.0","103.0","132.0","36.0","0.0","0.0","admin","causing",""
"","","","","339.0","205.0","172.0","31.0","0.0","0.0","admin","conviction",""
"","","","","349.0","389.0","75.0","24.0","0.0","0.0","admin","Council",""
"","","","","275.0","393.0","70.0","23.0","0.0","0.0","admin","County",""
"","","","","198.0","203.0","128.0","31.0","0.0","0.0","admin","criminal",""
"","","","","346.0","261.0","83.0","17.0","0.0","0.0","admin","Education",""
"","","","","208.0","390.0","63.0","25.0","0.0","0.0","admin","Essex",""
"","","","","542.0","154.0","71.0","32.0","0.0","0.0","admin","lead",""
"","","","","234.0","421.0","82.0","22.0","0.0","0.0","admin","Learning",""
"","","","","17.0","151.0","152.0","34.0","0.0","0.0","admin","nuisance",""
"","","","","287.0","259.0","18.0","21.0","0.0","0.0","admin","of",""
"","","","","180.0","158.0","44.0","27.0","0.0","0.0","admin","on",""
"","","","","334.0","109.0","37.0","25.0","0.0","0.0","admin","or",""
"","","","","268.0","152.0","116.0","31.0","0.0","0.0","admin","school",""
"","","","","177.0","257.0","65.0","22.0","0.0","0.0","admin","Section",""
"","","","","320.0","418.0","75.0","23.0","0.0","0.0","admin","Services",""
"","","","","395.0","153.0","62.0","32.0","0.0","0.0","admin","site",""
"","","","","311.0","260.0","28.0","20.0","0.0","0.0","admin","the",""
"","","","","118.0","204.0","35.0","32.0","0.0","0.0","admin","to",""
"","","","","115.0","102.0","206.0","34.0","0.0","0.0","admin","TRESPASSING",""
"","","","","117.0","257.0","55.0","22.0","0.0","0.0","admin","Under",""
"","","","","212.0","35.0","208.0","38.0","0.0","0.0","admin","WARNING",""
"lfsosa_12.08.2002/IMG_2499.JPG","640","480","","226.0","21.0","284.0","56.0","0.0","0.0","admin","Yarmouth",""
"","","","","125.0","129.0","190.0","69.0","0.0","0.0","admin","(A12)",""
"","","","","114.0","293.0","248.0","69.0","0.0","0.0","admin","(A120)",""
"","","","","426.0","389.0","172.0","57.0","0.0","0.0","admin","A133",""
"","","","","106.0","384.0","288.0","61.0","0.0","0.0","admin","Clacton",""
"","","","","121.0","16.0","74.0","43.0","0.0","0.0","admin","Gt",""
"","","","","111.0","215.0","294.0","57.0","0.0","0.0","admin","Harwich",""
"","","","","116.0","64.0","255.0","60.0","0.0","0.0","admin","Ipswich",""
"lfsosa_12.08.2002/IMG_2500.JPG","640","480","","123.0","156.0","305.0","168.0","94.0","0.0","admin","Ford",""
"lfsosa_12.08.2002/IMG_2501.JPG","640","480","","424.0","133.0","131.0","44.0","0.0","0.0","admin","(A12)",""
"","","","","112.0","397.0","14.0","15.0","0.0","0.0","admin","2",""
"","","","","114.0","380.0","14.0","15.0","0.0","0.0","admin","2",""
"","","","","142.0","157.0","258.0","37.0","0.0","0.0","admin","Chelmsford",""
"","","","","146.0","113.0","155.0","35.0","0.0","0.0","admin","London",""
"","","","","113.0","359.0","17.0","17.0","0.0","0.0","admin","S",""
"lfsosa_12.08.2002/IMG_2502.JPG","640","480","","46.0","230.0","539.0","95.0","0.0","0.0","admin","RENAULT",""
"lfsosa_12.08.2002/IMG_2503.JPG","480","640","","126.0","417.0","206.0","77.0","0.0","0.0","admin","ALES",""
"","","","","72.0","370.0","84.0","36.0","0.0","0.0","admin","CASK",""
"","","","","167.0","372.0","223.0","35.0","0.0","0.0","admin","CONDITIONED",""
"","","","","84.0","220.0","291.0","105.0","0.0","0.0","admin","FOOD",""
"","","","","97.0","539.0","260.0","62.0","0.0","0.0","admin","GARDEN",""
"","","","","84.0","33.0","294.0","107.0","0.0","0.0","admin","GOOD",""
"","","","","77.0","153.0","143.0","52.0","0.0","0.0","admin","HOME",""
"","","","","240.0","156.0","145.0","49.0","0.0","0.0","admin","MADE",""
"lfsosa_12.08.2002/IMG_2504.JPG","640","480","","168.0","330.0","296.0","65.0","0.0","0.0","admin","AHEAD",""
"","","","","228.0","78.0","196.0","67.0","0.0","0.0","admin","NEW",""
"","","","","135.0","242.0","370.0","73.0","0.0","0.0","admin","SIGNALS",""
"","","","","143.0","163.0","351.0","66.0","0.0","0.0","admin","TRAFFIC",""
"lfsosa_12.08.2002/IMG_2505.JPG","640","480","","124.0","238.0","200.0","62.0","0.0","0.0","admin","A134",""
"","","","","340.0","174.0","239.0","59.0","0.0","0.0","admin","Centre",""
"","","","","128.0","171.0","191.0","58.0","0.0","0.0","admin","Town",""
"lfsosa_12.08.2002/IMG_2506.JPG","640","480","","47.0","179.0","507.0","143.0","0.0","0.0","admin","ESSEX",""
"lfsosa_12.08.2002/IMG_2507.JPG","640","480","","182.0","174.0","273.0","99.0","0.0","0.0","admin","ASDA",""
"lfsosa_12.08.2002/IMG_2508.JPG","640","480","","119.0","163.0","430.0","160.0","0.0","0.0","admin","FOOD",""
"","","","","118.0","328.0","431.0","108.0","0.0","0.0","admin","PRONTO",""
"","","","","115.0","48.0","430.0","110.0","0.0","0.0","admin","PROPER",""
"lfsosa_12.08.2002/IMG_2509.JPG","640","480","","383.0","209.0","46.0","46.0","0.0","0.0","admin","&",""
"","","","","412.0","274.0","136.0","61.0","0.0","0.0","admin","only",""
"","","","","83.0","214.0","86.0","101.0","0.0","0.0","admin","P",""
"","","","","213.0","208.0","148.0","46.0","0.0","0.0","admin","Park",""
"","","","","453.0","208.0","142.0","49.0","-2.0","0.0","admin","Ride",""
"","","","","212.0","272.0","154.0","52.0","0.0","0.0","admin","Sats",""
"lfsosa_12.08.2002/IMG_2510.JPG","640","480","","65.0","275.0","156.0","60.0","0.0","0.0","admin","car",""
"","","","","248.0","255.0","216.0","94.0","0.0","0.0","admin","park",""
"","","","","91.0","155.0","349.0","77.0","0.0","0.0","admin","Station",""
"lfsosa_12.08.2002/IMG_2511.JPG","640","480","","196.0","173.0","282.0","35.0","6.0","0.0","admin","Information",""
"","","","","294.0","230.0","194.0","39.0","0.0","0.0","admin","Tickets",""
"","","","","328.0","294.0","164.0","42.0","0.0","0.0","admin","Trains",""
"lfsosa_12.08.2002/IMG_2512.JPG","2048","1536","","586.0","886.0","933.0","244.0","0.0","0.0","admin","Ahead",""
"","","","","564.0","564.0","983.0","244.0","0.0","0.0","admin","Closed",""
"","","","","370.0","272.0","786.0","256.0","0.0","0.0","admin","Cycle",""
"","","","","1159.0","344.0","564.0","207.0","0.0","0.0","admin","way",""
"lfsosa_12.08.2002/IMG_2513.JPG","1024","768","","386.0","287.0","259.0","50.0","8.0","0.0","admin","Colchester",""
"lfsosa_12.08.2002/IMG_2514.JPG","640","480","","136.0","172.0","220.0","31.0","0.0","0.0","admin","INVESTMENTS",""
"","","","","132.0","252.0","195.0","33.0","0.0","0.0","admin","MORTGAGES",""
"","","","","136.0","214.0","152.0","29.0","0.0","0.0","admin","PENSIONS",""
"lfsosa_12.08.2002/IMG_2516.JPG","640","480","","60.0","388.0","66.0","26.0","0.0","0.0","admin","AND",""
"","","","","330.0","387.0","153.0","31.0","0.0","0.0","admin","CHILDREN",""
"","","","","60.0","210.0","381.0","46.0","0.0","0.0","admin","CONSTRUCTION",""
"","","","","137.0","146.0","355.0","53.0","0.0","0.0","admin","DANGER",""
"","","","","417.0","274.0","106.0","50.0","0.0","0.0","admin","Injury",""
"","","","","138.0","388.0","82.0","30.0","0.0","0.0","admin","KEEP",""
"","","","","151.0","331.0","173.0","46.0","0.0","0.0","admin","KEEP",""
"","","","","207.0","273.0","38.0","46.0","0.0","0.0","admin","of",""
"","","","","352.0","334.0","131.0","44.0","0.0","0.0","admin","OUT",""
"","","","","496.0","388.0","69.0","29.0","0.0","0.0","admin","OUT!",""
"","","","","115.0","272.0","77.0","45.0","0.0","0.0","admin","Risk",""
"","","","","262.0","272.0","139.0","46.0","0.0","0.0","admin","Serious",""
"","","","","465.0","213.0","104.0","45.0","0.0","0.0","admin","SITE",""
"","","","","230.0","387.0","87.0","31.0","0.0","0.0","admin","YOUR",""
"lfsosa_12.08.2002/IMG_2518.JPG","1024","768","","182.0","449.0","43.0","18.0","0.0","0.0","admin","ASDA",""
"lfsosa_12.08.2002/IMG_2519.JPG","640","480","","236.0","191.0","37.0","16.0","0.0","0.0","admin","and",""
"","","","","215.0","166.0","68.0","21.0","0.0","0.0","admin","Drivers",""
"","","","","334.0","170.0","42.0","15.0","0.0","0.0","admin","here",""
"","","","","322.0","212.0","52.0","18.0","0.0","0.0","admin","Office",""
"","","","","278.0","192.0","57.0","20.0","0.0","0.0","admin","report",""
"","","","","289.0","169.0","40.0","18.0","0.0","0.0","admin","stop",""
"","","","","340.0","190.0","16.0","20.0","0.0","0.0","admin","to",""
"","","","","210.0","213.0","106.0","18.0","0.0","0.0","admin","Warehouse",""
"lfsosa_12.08.2002/IMG_2520.JPG","640","480","","294.0","149.0","47.0","42.0","0.0","0.0","admin","a",""
"","","","","283.0","224.0","143.0","64.0","18.0","0.0","admin","Ask!",""
"","","","","368.0","131.0","253.0","79.0","0.0","0.0","admin","Brolly?",""
"","","","","116.0","220.0","149.0","69.0","22.0","0.0","admin","Just",""
"","","","","67.0","131.0","200.0","59.0","0.0","0.0","admin","Need",""
"lfsosa_12.08.2002/IMG_2521.JPG","640","480","","86.0","169.0","455.0","148.0","0.0","0.0","admin","ASDA",""
"lfsosa_12.08.2002/IMG_2522.JPG","480","640","","79.0","278.0","316.0","56.0","0.0","0.0","admin","PROMISE",""
"","","","","154.0","118.0","179.0","56.0","0.0","0.0","admin","ASDA",""
"","","","","133.0","528.0","221.0","51.0","0.0","0.0","admin","Forever",""
"","","","","117.0","456.0","98.0","49.0","16.0","0.0","admin","Low",""
"","","","","65.0","378.0","349.0","72.0","22.0","0.0","admin","Permanently",""
"","","","","136.0","172.0","202.0","105.0","0.0","0.0","admin","Price",""
"","","","","226.0","454.0","156.0","51.0","20.0","0.0","admin","Prices",""
"lfsosa_12.08.2002/IMG_2523.JPG","480","640","","204.0","421.0","38.0","21.0","0.0","0.0","admin","EIIR",""
"","","","","236.0","121.0","78.0","25.0","0.0","0.0","admin","MAIL",""
"","","","","138.0","121.0","92.0","24.0","0.0","0.0","admin","ROYAL",""
"lfsosa_12.08.2002/IMG_2524.JPG","640","480","","273.0","252.0","87.0","28.0","0.0","0.0","admin","2002",""
"","","","","189.0","323.0","180.0","20.0","0.0","0.0","admin","COMMONWEALTH",""
"","","","","374.0","327.0","66.0","21.0","0.0","0.0","admin","GAMES",""
"","","","","98.0","265.0","339.0","54.0","0.0","0.0","admin","Manchester",""
"","","","","95.0","321.0","41.0","17.0","0.0","0.0","admin","THE",""
"","","","","141.0","321.0","44.0","19.0","0.0","0.0","admin","XVII",""
"lfsosa_12.08.2002/IMG_2525.JPG","640","480","","316.0","151.0","56.0","69.0","0.0","0.0","admin","F",""
"","","","","80.0","285.0","498.0","83.0","0.0","0.0","admin","FOSTER'S",""
"","","","","270.0","119.0","147.0","140.0","0.0","0.0","admin","O",""
"","","","","597.0","288.0","17.0","17.0","0.0","0.0","admin","R",""
"lfsosa_12.08.2002/IMG_2526.JPG","640","480","","251.0","180.0","21.0","24.0","0.0","0.0","admin","17",""
"","","","","351.0","182.0","25.0","22.0","0.0","0.0","admin","59",""
"","","","","218.0","353.0","197.0","27.0","0.0","0.0","admin","DRAUGHT",""
"","","","","85.0","236.0","446.0","103.0","0.0","0.0","admin","GUINNESS",""
"","","","","333.0","211.0","16.0","20.0","0.0","0.0","admin","TM",""
"lfsosa_12.08.2002/IMG_2528.JPG","640","480","","34.0","126.0","557.0","123.0","0.0","0.0","admin","Corona",""
"","","","","163.0","264.0","310.0","74.0","0.0","0.0","admin","Extra",""
"","","","","587.0","238.0","16.0","20.0","0.0","0.0","admin","R",""
"lfsosa_12.08.2002/IMG_2530.JPG","640","480","","300.0","242.0","92.0","46.0","0.0","0.0","admin","BEER",""
"","","","","413.0","250.0","110.0","45.0","4.0","0.0","admin","FROM",""
"","","","","316.0","195.0","204.0","51.0","4.0","0.0","admin","IMPORTED",""
"","","","","339.0","292.0","142.0","46.0","4.0","0.0","admin","MEXICO",""
"lfsosa_12.08.2002/IMG_2531.JPG","640","480","","139.0","70.0","347.0","62.0","0.0","0.0","admin","Customer",""
"","","","","124.0","155.0","378.0","73.0","4.0","0.0","admin","Freephone",""
"","","","","369.0","239.0","150.0","67.0","0.0","0.0","admin","Hire",""
"","","","","108.0","240.0","232.0","65.0","0.0","0.0","admin","Private",""
"","","","","173.0","327.0","269.0","72.0","0.0","0.0","admin","Service",""
"lfsosa_12.08.2002/IMG_2532.JPG","640","480","","81.0","111.0","422.0","52.0","0.0","0.0","admin","PEDESTRIANS",""
"lfsosa_12.08.2002/IMG_2533.JPG","640","480","","192.0","265.0","86.0","69.0","12.0","0.0","admin","15",""
"","","","","321.0","265.0","61.0","68.0","8.0","0.0","admin","3",""
"lfsosa_12.08.2002/IMG_2534.JPG","640","480","","199.0","183.0","133.0","51.0","0.0","0.0","admin","Tetley",""
"","","","","428.0","187.0","60.0","60.0","0.0","0.0","admin","U",""
"lfsosa_12.08.2002/IMG_2535.JPG","640","480","","31.0","287.0","105.0","39.0","0.0","0.0","admin","(A12)",""
"","","","","406.0","287.0","109.0","39.0","0.0","0.0","admin","(A12)",""
"","","","","28.0","378.0","137.0","41.0","0.0","0.0","admin","(A120)",""
"","","","","225.0","144.0","59.0","27.0","0.0","0.0","admin","133",""
"","","","","188.0","144.0","26.0","27.0","0.0","0.0","admin","A",""
"","","","","332.0","66.0","110.0","27.0","0.0","0.0","admin","Centre",""
"","","","","404.0","248.0","204.0","32.0","0.0","0.0","admin","Chelmsford",""
"","","","","47.0","142.0","134.0","31.0","0.0","0.0","admin","Clacton",""
"","","","","34.0","251.0","44.0","28.0","0.0","0.0","admin","Gt",""
"","","","","23.0","332.0","153.0","32.0","0.0","0.0","admin","Harwich",""
"","","","","35.0","214.0","136.0","33.0","0.0","0.0","admin","Ipswich",""
"","","","","79.0","102.0","60.0","15.0","0.0","0.0","admin","Leisure",""
"","","","","402.0","213.0","129.0","32.0","0.0","0.0","admin","London",""
"","","","","80.0","121.0","97.0","16.0","0.0","0.0","admin","Rollerworld",""
"","","","","237.0","66.0","85.0","25.0","0.0","0.0","admin","Town",""
"","","","","144.0","98.0","52.0","19.0","0.0","0.0","admin","World",""
"","","","","97.0","250.0","168.0","30.0","0.0","0.0","admin","Yarmouth",""
"lfsosa_12.08.2002/IMG_2536.JPG","640","480","","309.0","139.0","146.0","38.0","0.0","0.0","admin","Centre",""
"","","","","135.0","226.0","256.0","40.0","0.0","0.0","admin","Greenstead",""
"","","","","136.0","181.0","165.0","43.0","0.0","0.0","admin","Ipswich",""
"","","","","139.0","139.0","153.0","35.0","0.0","0.0","admin","Leisure",""
"","","","","316.0","183.0","107.0","38.0","0.0","0.0","admin","Road",""
"lfsosa_12.08.2002/IMG_2537.JPG","640","480","","171.0","188.0","289.0","91.0","0.0","0.0","admin","Albert",""
"","","","","299.0","367.0","194.0","62.0","0.0","0.0","admin","Beefeater",""
"","","","","233.0","64.0","163.0","88.0","0.0","0.0","admin","The",""
"lfsosa_12.08.2002/IMG_2538.JPG","640","480","","328.0","271.0","239.0","46.0","0.0","0.0","admin","Garages",""
"","","","","65.0","270.0","238.0","37.0","0.0","0.0","admin","Osborne",""
"lfsosa_12.08.2002/IMG_2539.JPG","640","480","","123.0","115.0","421.0","83.0","0.0","0.0","admin","ISUZU",""
"","","","","166.0","289.0","159.0","65.0","0.0","0.0","admin","ORDER",""
"","","","","342.0","290.0","130.0","60.0","0.0","0.0","admin","YOUR",""
"lfsosa_12.08.2002/IMG_2540.JPG","640","480","","96.0","176.0","295.0","58.0","18.0","0.0","admin","Central",""
"","","","","459.0","225.0","48.0","46.0","0.0","0.0","admin","M",""
"","","","","515.0","225.0","38.0","46.0","0.0","0.0","admin","O",""
"","","","","558.0","227.0","33.0","44.0","0.0","0.0","admin","T",""
"","","","","147.0","240.0","181.0","76.0","24.0","0.0","admin","Tyre",""
"lfsosa_12.08.2002/IMG_2541.JPG","640","480","","201.0","332.0","261.0","57.0","0.0","0.0","admin","School",""
"lfsosa_12.08.2002/IMG_2542.JPG","640","480","","40.0","204.0","257.0","62.0","0.0","0.0","admin","GOOD",""
"","","","","351.0","214.0","254.0","61.0","20.0","0.0","admin","YEAR",""
"lfsosa_12.08.2002/IMG_2543.JPG","640","480","","204.0","182.0","38.0","37.0","0.0","0.0","admin","&",""
"","","","","105.0","183.0","90.0","37.0","0.0","0.0","admin","BED",""
"","","","","252.0","180.0","292.0","41.0","0.0","0.0","admin","BREAKFAST",""
"","","","","70.0","440.0","29.0","23.0","0.0","0.0","admin","H",""
"","","","","274.0","332.0","17.0","18.0","0.0","0.0","admin","T",""
"","","","","542.0","438.0","37.0","25.0","0.0","0.0","admin","W",""
"lfsosa_12.08.2002/IMG_2544.JPG","640","480","","29.0","188.0","581.0","115.0","0.0","0.0","admin","SALOON",""
"lfsosa_12.08.2002/IMG_2545.JPG","640","480","","38.0","217.0","561.0","172.0","0.0","0.0","admin","HAIR",""
"lfsosa_12.08.2002/IMG_2546.JPG","640","480","","38.0","153.0","549.0","217.0","0.0","0.0","admin","FAX",""
"lfsosa_12.08.2002/IMG_2547.JPG","640","480","","264.0","229.0","349.0","75.0","0.0","0.0","admin","DELIVERY",""
"","","","","26.0","222.0","201.0","75.0","0.0","0.0","admin","FREE",""
"lfsosa_12.08.2002/IMG_2548.JPG","640","480","","65.0","329.0","465.0","78.0","16.0","0.0","admin","CORAL",""
"lfsosa_12.08.2002/IMG_2549.JPG","640","480","","43.0","295.0","538.0","121.0","0.0","0.0","admin","Refill",""
"lfsosa_12.08.2002/IMG_2550.JPG","640","480","","69.0","161.0","405.0","111.0","-8.0","0.0","admin","RIVERSIDE",""
"","","","","171.0","262.0","224.0","86.0","0.0","0.0","admin","WALK",""
"lfsosa_12.08.2002/IMG_2552.JPG","640","480","","368.0","228.0","106.0","40.0","0.0","0.0","admin","DARK",""
"","","","","51.0","224.0","196.0","38.0","0.0","0.0","admin","DISCOVER",""
"","","","","496.0","230.0","92.0","40.0","2.0","0.0","admin","SIDE",""
"","","","","268.0","225.0","80.0","41.0","0.0","0.0","admin","THE",""
"lfsosa_12.08.2002/IMG_2553.JPG","480","640","","184.0","132.0","134.0","48.0","0.0","0.0","admin","�350",""
"","","","","110.0","68.0","129.0","28.0","0.0","0.0","admin","Airtours",""
"","","","","248.0","74.0","137.0","33.0","0.0","0.0","admin","Holidays",""
"lfsosa_12.08.2002/IMG_2554.JPG","640","480","","365.0","365.0","202.0","54.0","0.0","0.0","admin","BANK",""
"","","","","88.0","364.0","258.0","54.0","0.0","0.0","admin","LLOYDS",""
"lfsosa_12.08.2002/IMG_2555.JPG","640","480","","143.0","245.0","146.0","44.0","2.0","0.0","admin","Photo",""
"","","","","325.0","245.0","295.0","54.0","0.0","0.0","admin","Specialists",""
"","","","","17.0","247.0","99.0","41.0","10.0","0.0","admin","The",""
"lfsosa_12.08.2002/IMG_2556.JPG","640","480","","149.0","232.0","116.0","25.0","0.0","0.0","admin","British",""
"","","","","352.0","234.0","81.0","25.0","0.0","0.0","admin","Cross",""
"","","","","277.0","235.0","61.0","21.0","0.0","0.0","admin","Red",""
"","","","","444.0","236.0","72.0","27.0","0.0","0.0","admin","Shop",""
"lfsosa_12.08.2002/IMG_2557.JPG","640","480","","473.0","226.0","60.0","45.0","18.0","0.0","admin","Caf�",""
"","","","","309.0","217.0","161.0","52.0","0.0","0.0","admin","SACK",""
"","","","","174.0","216.0","117.0","51.0","0.0","0.0","admin","SAD",""
"","","","","122.0","212.0","49.0","51.0","24.0","0.0","admin","The",""
"lfsosa_12.08.2002/IMG_2558.JPG","640","480","","392.0","383.0","93.0","20.0","0.0","0.0","admin","AGENTS",""
"","","","","311.0","165.0","230.0","46.0","0.0","0.0","admin","AGENTS",""
"","","","","292.0","380.0","90.0","20.0","0.0","0.0","admin","ESTATE",""
"","","","","69.0","155.0","209.0","50.0","0.0","0.0","admin","ESTATE",""
"","","","","189.0","380.0","95.0","20.0","0.0","0.0","admin","SAXONS",""
"","","","","252.0","246.0","188.0","37.0","0.0","0.0","admin","SAXONS",""
"lfsosa_12.08.2002/IMG_2559.JPG","640","480","","199.0","170.0","315.0","81.0","12.0","0.0","admin","savers",""
"lfsosa_12.08.2002/IMG_2560.JPG","640","480","","446.0","224.0","145.0","64.0","0.0","0.0","admin","Box",""
"","","","","52.0","223.0","375.0","79.0","0.0","0.0","admin","Stationery",""
"lfsosa_12.08.2002/IMG_2561.JPG","640","480","","174.0","187.0","285.0","87.0","0.0","0.0","admin","DELL",""
"lfsosa_12.08.2002/IMG_2564.JPG","640","480","","445.0","292.0","100.0","27.0","0.0","0.0","admin","8000",""
"","","","","216.0","116.0","193.0","57.0","0.0","0.0","admin","DELL",""
"","","","","101.0","291.0","297.0","32.0","0.0","0.0","admin","INSPIRON",""
"lfsosa_12.08.2002/IMG_2565.JPG","640","480","","245.0","262.0","262.0","94.0","0.0","0.0","admin","ntl:",""
"lfsosa_12.08.2002/IMG_2566.JPG","640","480","","25.0","222.0","85.0","40.0","0.0","0.0","admin","falling",""
"","","","","145.0","167.0","473.0","208.0","16.0","0.0","admin","hungry",""
"","","","","213.0","228.0","83.0","27.0","0.0","0.0","admin","knees",""
"","","","","163.0","234.0","43.0","27.0","0.0","0.0","admin","my",""
"","","","","121.0","233.0","33.0","24.0","0.0","0.0","admin","on",""
"lfsosa_12.08.2002/IMG_2567.JPG","640","480","","371.0","227.0","114.0","24.0","0.0","0.0","admin","ADAPTER",""
"","","","","221.0","138.0","193.0","52.0","0.0","0.0","admin","Canon",""
"","","","","259.0","257.0","121.0","22.0","0.0","0.0","admin","CA-PS100",""
"","","","","146.0","226.0","123.0","25.0","0.0","0.0","admin","COMPACT",""
"","","","","274.0","227.0","91.0","25.0","0.0","0.0","admin","POWER",""
"lfsosa_12.08.2002/IMG_2569.JPG","640","480","","287.0","171.0","117.0","29.0","0.0","0.0","admin","Canon",""
"","","","","208.0","207.0","267.0","51.0","24.0","0.0","admin","PowerShot",""
"lfsosa_12.08.2002/IMG_2571.JPG","640","480","","117.0","301.0","154.0","40.0","0.0","0.0","admin","daily",""
"","","","","61.0","52.0","517.0","56.0","8.0","0.0","admin","FARNBOROUGH",""
"","","","","312.0","306.0","185.0","41.0","0.0","0.0","admin","flying",""
"","","","","217.0","210.0","121.0","21.0","0.0","0.0","admin","JULY",""
"","","","","127.0","354.0","355.0","36.0","0.0","0.0","admin","programme",""
"","","","","375.0","215.0","123.0","20.0","0.0","0.0","admin","2002",""
"","","","","123.0","207.0","52.0","22.0","0.0","0.0","admin","28",""
"","","","","43.0","107.0","536.0","86.0","0.0","0.0","admin","AIRSHOW",""
"lfsosa_12.08.2002/IMG_2572.JPG","640","480","","92.0","248.0","131.0","47.0","0.0","0.0","admin","BAE",""
"","","","","252.0","255.0","317.0","41.0","0.0","0.0","admin","SYSTEMS",""
"lfsosa_12.08.2002/IMG_2573.JPG","640","480","","180.0","205.0","21.0","17.0","0.0","0.0","admin","a",""
"","","","","299.0","286.0","111.0","32.0","0.0","0.0","admin","cities",""
"","","","","394.0","203.0","61.0","17.0","0.0","0.0","admin","Embassy",""
"","","","","89.0","286.0","196.0","39.0","0.0","0.0","admin","European",""
"","","","","259.0","251.0","73.0","31.0","0.0","0.0","admin","Foc",""
"","","","","555.0","205.0","61.0","17.0","0.0","0.0","admin","Kingdom",""
"","","","","350.0","123.0","256.0","61.0","0.0","0.0","admin","mexcio",""
"","","","","331.0","203.0","58.0","18.0","0.0","0.0","admin","Mexican",""
"","","","","285.0","205.0","16.0","15.0","0.0","0.0","admin","of",""
"","","","","46.0","249.0","200.0","36.0","0.0","0.0","admin","President",""
"","","","","201.0","205.0","80.0","17.0","0.0","0.0","admin","publication",""
"","","","","300.0","206.0","26.0","15.0","0.0","0.0","admin","the",""
"","","","","477.0","203.0","23.0","18.0","0.0","0.0","admin","the",""
"","","","","458.0","205.0","15.0","17.0","0.0","0.0","admin","to",""
"","","","","503.0","206.0","46.0","16.0","0.0","0.0","admin","United",""
"","","","","126.0","100.0","399.0","82.0","0.0","0.0","admin","UPDATE",""
"","","","","339.0","249.0","115.0","33.0","0.0","0.0","admin","visits",""
"lfsosa_12.08.2002/IMG_2575.JPG","640","480","","215.0","250.0","19.0","20.0","0.0","0.0","admin","a",""
"","","","","223.0","207.0","17.0","21.0","0.0","0.0","admin","a",""
"","","","","26.0","321.0","141.0","42.0","0.0","0.0","admin","Benjamin",""
"","","","","554.0","198.0","46.0","31.0","0.0","0.0","admin","but",""
"","","","","248.0","197.0","60.0","31.0","0.0","0.0","admin","fool",""
"","","","","182.0","323.0","127.0","33.0","0.0","0.0","admin","Franklin",""
"","","","","99.0","195.0","76.0","31.0","0.0","0.0","admin","heart",""
"","","","","520.0","240.0","72.0","30.0","0.0","0.0","admin","heart",""
"","","","","468.0","237.0","42.0","34.0","0.0","0.0","admin","his",""
"","","","","389.0","196.0","47.0","33.0","0.0","0.0","admin","his",""
"","","","","352.0","197.0","28.0","32.0","0.0","0.0","admin","in",""
"","","","","428.0","242.0","30.0","28.0","0.0","0.0","admin","in",""
"","","","","393.0","242.0","26.0","30.0","0.0","0.0","admin","is",""
"","","","","319.0","198.0","26.0","28.0","0.0","0.0","admin","is",""
"","","","","320.0","246.0","63.0","26.0","0.0","0.0","admin","man",""
"","","","","443.0","200.0","95.0","28.0","0.0","0.0","admin","mouth",""
"","","","","71.0","242.0","96.0","28.0","0.0","0.0","admin","mouth",""
"","","","","177.0","241.0","33.0","31.0","0.0","0.0","admin","of",""
"","","","","183.0","196.0","36.0","34.0","0.0","0.0","admin","of",""
"","","","","17.0","237.0","43.0","35.0","0.0","0.0","admin","the",""
"","","","","35.0","196.0","56.0","30.0","0.0","0.0","admin","The",""
"","","","","242.0","240.0","69.0","30.0","0.0","0.0","admin","wise",""
"lfsosa_12.08.2002/IMG_2583.JPG","640","480","","556.0","103.0","54.0","32.0","0.0","0.0","admin","2N",""
"","","","","27.0","117.0","254.0","63.0","0.0","0.0","admin","4b.522",""
"","","","","198.0","306.0","202.0","42.0","0.0","0.0","admin","Bostock",""
"","","","","191.0","373.0","142.0","43.0","0.0","0.0","admin","Dixon",""
"","","","","59.0","218.0","285.0","44.0","0.0","0.0","admin","GRADUATE",""
"","","","","25.0","374.0","150.0","51.0","0.0","0.0","admin","Jenny",""
"","","","","20.0","305.0","159.0","44.0","0.0","0.0","admin","Marisa",""
"","","","","364.0","219.0","183.0","45.0","0.0","0.0","admin","OFFICE",""
"lfsosa_12.08.2002/IMG_2584.JPG","640","480","","105.0","115.0","454.0","160.0","32.0","0.0","admin","iiyama",""
"lfsosa_12.08.2002/IMG_2585.JPG","640","480","","179.0","321.0","247.0","48.0","0.0","0.0","admin","AVERY",""
"lfsosa_12.08.2002/IMG_2586.JPG","640","480","","359.0","382.0","154.0","36.0","0.0","0.0","admin","Folders",""
"","","","","187.0","385.0","158.0","34.0","0.0","0.0","admin","Guidex",""
"lfsosa_12.08.2002/IMG_2588.JPG","640","480","","182.0","384.0","150.0","20.0","0.0","0.0","admin","MULTIMEDIA",""
"","","","","179.0","324.0","158.0","56.0","0.0","0.0","admin","PRO",""
"","","","","338.0","385.0","136.0","20.0","0.0","0.0","admin","PROJECTOR",""
"","","","","178.0","44.0","314.0","80.0","18.0","0.0","admin","SANYO",""
"","","","","436.0","339.0","41.0","42.0","0.0","0.0","admin","X",""
"","","","","346.0","351.0","84.0","29.0","0.0","0.0","admin","xtra",""
"lfsosa_12.08.2002/IMG_2591.JPG","480","600","","196.0","217.0","65.0","65.0","0.0","0.0","admin","e",""
"","","","","23.0","460.0","281.0","32.0","0.0","0.0","admin","environments",""
"","","","","319.0","518.0","122.0","31.0","0.0","0.0","admin","Essex",""
"","","","","196.0","290.0","69.0","82.0","0.0","0.0","admin","g",""
"","","","","321.0","465.0","125.0","38.0","0.0","0.0","admin","group",""
"","","","","236.0","26.0","219.0","386.0","0.0","0.0","admin","i",""
"","","","","21.0","32.0","211.0","388.0","0.0","0.0","admin","i",""
"","","","","243.0","420.0","201.0","38.0","0.0","0.0","admin","inhabited",""
"","","","","21.0","418.0","203.0","46.0","0.0","0.0","admin","intelligent",""
"","","","","262.0","512.0","46.0","36.0","0.0","0.0","admin","of",""
"","","","","26.0","511.0","219.0","43.0","0.0","0.0","admin","University",""
"lfsosa_12.08.2002/IMG_2593.JPG","640","480","","202.0","284.0","207.0","36.0","0.0","0.0","admin","DIGITAL",""
"","","","","431.0","274.0","172.0","43.0","0.0","0.0","admin","GROUP",""
"","","","","204.0","177.0","409.0","100.0","0.0","0.0","admin","Roland",""
"lfsosa_12.08.2002/IMG_2594.JPG","640","480","","221.0","52.0","180.0","286.0","102.0","0.0","admin","hp",""
"","","","","105.0","390.0","412.0","58.0","0.0","0.0","admin","invent",""
"","","","","574.0","55.0","17.0","25.0","0.0","0.0","admin","R",""
"lfsosa_12.08.2002/IMG_2595.JPG","640","480","","348.0","222.0","153.0","37.0","0.0","0.0","admin","mobile",""
"","","","","272.0","220.0","61.0","37.0","0.0","0.0","admin","No",""
"","","","","302.0","276.0","166.0","46.0","0.0","0.0","admin","phones",""
"lfsosa_12.08.2002/IMG_2597.JPG","640","480","","273.0","342.0","133.0","29.0","8.0","0.0","admin","Microsoft",""
"lfsosa_12.08.2002/IMG_2598.JPG","640","480","","1.0","206.0","134.0","84.0","0.0","0.0","admin","rbon",""
"","","","","156.0","204.0","414.0","93.0","0.0","0.0","admin","Dioxide",""
"","","","","10.0","6.0","44.0","40.0","0.0","0.0","admin","EQPT",""
"","","","","14.0","305.0","596.0","129.0","0.0","0.0","admin","Extinguisher",""
"","","","","68.0","0.0","87.0","39.0","0.14285714285714235","0.0","admin","INVEN",""
"","","","","262.0","-2.0","53.0","24.0","0.0","0.0","admin","NO",""
"lfsosa_12.08.2002/IMG_2599.JPG","640","480","","139.0","158.0","346.0","88.0","0.0","0.0","admin",":Hansol",""
"lfsosa_12.08.2002/IMG_2600.JPG","640","480","","301.0","266.0","65.0","24.0","0.0","0.0","admin","Caps",""
"","","","","555.0","287.0","50.0","26.0","0.0","0.0","admin","Lock",""
"","","","","305.0","295.0","57.0","21.0","0.0","0.0","admin","Loxk",""
"","","","","36.0","299.0","60.0","23.0","0.0","0.0","admin","Loxk",""
"","","","","36.0","268.0","60.0","24.0","0.0","0.0","admin","Num",""
"","","","","550.0","260.0","63.0","23.0","0.0","0.0","admin","Scroll",""
"","","","","236.0","343.0","196.0","77.0","0.0","0.0","admin","Viglen",""
"lfsosa_12.08.2002/IMG_2604.JPG","640","480","","220.0","227.0","337.0","34.0","0.0","0.0","admin","CAREERS",""
"","","","","61.0","227.0","135.0","36.0","0.0","0.0","admin","RAF",""
"lfsosa_12.08.2002/IMG_2605.JPG","640","480","","491.0","248.0","50.0","28.0","0.0","0.0","admin","77",""
"","","","","413.0","245.0","65.0","30.0","0.0","0.0","admin","CD",""
"","","","","100.0","208.0","298.0","64.0","0.0","0.0","admin","MATSUI",""
"lfsosa_12.08.2002/IMG_2606.JPG","640","480","","507.0","30.0","116.0","46.0","8.0","0.0","admin","FLASH",""
"","","","","350.0","30.0","146.0","47.0","8.0","0.0","admin","POCKET",""
"lfsosa_12.08.2002/IMG_2607.JPG","640","480","","188.0","165.0","227.0","108.0","0.0","0.0","admin","genie",""
"lfsosa_12.08.2002/IMG_2612.JPG","640","480","","251.0","154.0","26.0","26.0","0.0","0.0","admin","4",""
"","","","","200.0","87.0","63.0","42.0","0.0","0.0","admin","inside",""
"","","","","183.0","62.0","48.0","46.0","0.0","0.0","admin","intel",""
"","","","","168.0","155.0","73.0","22.0","0.0","0.0","admin","pentium",""
"lfsosa_12.08.2002/IMG_2613.JPG","422","102","","302.0","69.0","101.0","26.0","0.0","0.0","admin","books",""
"","","","","262.0","70.0","30.0","27.0","0.0","0.0","admin","in",""
"","","","","94.0","67.0","63.0","28.0","0.0","0.0","admin","last",""
"","","","","22.0","66.0","60.0","29.0","0.0","0.0","admin","The",""
"","","","","10.0","10.0","406.0","45.0","0.0","0.0","admin","WATERSTONE'S",""
"","","","","165.0","68.0","85.0","26.0","0.0","0.0","admin","word",""
"lfsosa_12.08.2002/IMG_2614.JPG","640","480","","226.0","99.0","197.0","246.0","0.0","0.0","admin","D",""
"lfsosa_12.08.2002/IMG_2615.JPG","640","480","","227.0","201.0","222.0","38.0","0.0","0.0","admin","Electrolux",""
"lfsosa_12.08.2002/IMG_2616.JPG","640","480","","222.0","241.0","192.0","58.0","0.0","0.0","admin","ZANUSSI",""
"lfsosa_12.08.2002/IMG_2617.JPG","640","480","","253.0","269.0","114.0","25.0","0.0","0.0","admin","NE-1027",""
"","","","","167.0","199.0","293.0","51.0","0.0","0.0","admin","Panasonic",""
"lfsosa_12.08.2002/IMG_2618.JPG","640","279","","20.0","8.0","131.0","65.0","12.0","0.0","admin","fresh",""
"","","","","22.0","167.0","189.0","92.0","0.0","0.0","admin","semi",""
"","","","","245.0","167.0","365.0","97.0","0.0","0.0","admin","skimmed",""
"lfsosa_12.08.2002/IMG_2619.JPG","640","480","","107.0","292.0","328.0","95.0","0.0","0.0","admin","DISTURB",""
"","","","","130.0","191.0","105.0","87.0","0.0","0.0","admin","DO",""
"","","","","200.0","432.0","24.0","24.0","0.0","0.0","admin","IM",""
"","","","","260.0","196.0","158.0","88.0","0.0","0.0","admin","NOT",""
"","","","","135.0","89.0","283.0","92.0","0.0","0.0","admin","PLEASE",""
"","","","","228.0","435.0","118.0","22.0","0.0","0.0","admin","RECOVERING!!",""
"lfsosa_12.08.2002/IMG_2620.JPG","640","480","","47.0","185.0","557.0","149.0","0.0","0.0","admin","Henry",""
"lfsosa_12.08.2002/IMG_2622.JPG","480","640","","29.0","188.0","439.0","66.0","0.0","0.0","admin","ECONOMY",""
"","","","","93.0","447.0","292.0","107.0","0.0","0.0","admin","JUICE",""
"","","","","281.0","288.0","92.0","43.0","0.0","0.0","admin","LIFE",""
"","","","","123.0","288.0","142.0","45.0","0.0","0.0","admin","LONG",""
"","","","","25.0","347.0","452.0","89.0","0.0","0.0","admin","ORANGE",""
"","","","","331.0","127.0","27.0","27.0","0.0","0.0","admin","s",""
"","","","","136.0","121.0","194.0","40.0","0.0","0.0","admin","Sainsbury",""
"lfsosa_12.08.2002/IMG_2624.JPG","640","480","","229.0","167.0","126.0","44.0","0.0","0.0","admin","area!",""
"","","","","145.0","113.0","129.0","47.0","0.0","0.0","admin","entry",""
"","","","","72.0","416.0","121.0","30.0","0.0","0.0","admin","Estates",""
"","","","","259.0","304.0","46.0","46.0","0.0","0.0","admin","in",""
"","","","","285.0","107.0","100.0","44.0","0.0","0.0","admin","into",""
"","","","","202.0","417.0","212.0","35.0","0.0","0.0","admin","Management",""
"","","","","99.0","49.0","69.0","42.0","0.0","0.0","admin","No",""
"","","","","317.0","307.0","237.0","50.0","0.0","0.0","admin","operation",""
"","","","","121.0","249.0","163.0","45.0","0.0","0.0","admin","Permit",""
"","","","","422.0","415.0","125.0","29.0","0.0","0.0","admin","Section",""
"","","","","65.0","310.0","179.0","49.0","0.0","0.0","admin","system",""
"","","","","400.0","107.0","92.0","45.0","0.0","0.0","admin","this",""
"","","","","296.0","251.0","50.0","42.0","0.0","0.0","admin","to",""
"","","","","184.0","49.0","338.0","42.0","0.0","0.0","admin","unauthorised",""
"","","","","364.0","249.0","119.0","42.0","0.0","0.0","admin","work",""
"lfsosa_12.08.2002/IMG_2626.JPG","640","480","","93.0","212.0","364.0","100.0","0.0","0.0","admin","Nightline",""
"lfsosa_12.08.2002/IMG_2627.JPG","640","480","","67.0","191.0","323.0","36.0","0.0","0.0","admin","Accommodation",""
"","","","","75.0","260.0","165.0","42.0","-6.0","0.0","admin","Nightline",""
"","","","","403.0","188.0","119.0","37.0","0.0","0.0","admin","Office",""
"lfsosa_12.08.2002/IMG_2628.JPG","640","480","","390.0","197.0","99.0","46.0","0.0","0.0","admin","and",""
"","","","","61.0","199.0","305.0","45.0","0.0","0.0","admin","Colchester",""
"","","","","154.0","128.0","260.0","55.0","0.0","0.0","admin","Footpath",""
"","","","","69.0","271.0","316.0","44.0","0.0","0.0","admin","Greenstead",""
"","","","","439.0","126.0","63.0","44.0","0.0","0.0","admin","To",""
"lfsosa_12.08.2002/IMG_2629.JPG","587","387","","38.0","132.0","501.0","133.0","0.0","0.0","admin","Campus",""
"lfsosa_12.08.2002/IMG_2630.JPG","640","480","","329.0","352.0","42.0","17.0","0.0","0.0","admin","HIRE",""
"","","","","180.0","345.0","77.0","19.0","0.0","0.0","admin","LICENSED",""
"","","","","265.0","349.0","63.0","17.0","0.0","0.0","admin","PRIVATE",""
"","","","","293.0","195.0","22.0","19.0","0.0","0.0","admin","St",""
"","","","","375.0","354.0","70.0","15.0","0.0","0.0","admin","VEHICLE",""
"","","","","173.0","189.0","31.0","22.0","0.0","0.0","admin","2a",""
"","","","","86.0","230.0","454.0","109.0","0.0","0.0","admin","544444",""
"","","","","212.0","192.0","76.0","20.0","0.0","0.0","admin","Arthur",""
"","","","","327.0","195.0","121.0","21.0","0.0","0.0","admin","Colchester",""
"","","","","79.0","86.0","160.0","86.0","0.0","0.0","admin","FIVE",""
"","","","","272.0","92.0","270.0","91.0","0.0","0.0","admin","FOURS",""
"lfsosa_12.08.2002/IMG_2631.JPG","640","480","","93.0","161.0","461.0","151.0","0.0","0.0","admin","TAXI",""
"lfsosa_12.08.2002/IMG_2633.JPG","629","255","","5.0","58.0","610.0","182.0","0.0","0.0","admin","GYM",""
"lfsosa_12.08.2002/IMG_2634.JPG","640","480","","30.0","62.0","564.0","122.0","0.0","0.0","admin","ARENA",""
"","","","","66.0","331.0","37.0","39.0","0.0","0.0","admin","AT",""
"","","","","58.0","212.0","517.0","62.0","0.0","0.0","admin","COLCHESTER",""
"","","","","198.0","317.0","113.0","44.0","0.0","0.0","admin","HEART",""
"","","","","322.0","310.0","50.0","44.0","0.0","0.0","admin","OF",""
"","","","","385.0","300.0","69.0","50.0","0.0","0.0","admin","THE",""
"","","","","116.0","327.0","68.0","40.0","0.0","0.0","admin","THE",""
"","","","","466.0","286.0","116.0","55.0","0.0","0.0","admin","TOWN!",""
"lfsosa_12.08.2002/IMG_2635.JPG","640","480","","63.0","233.0","505.0","83.0","0.0","0.0","admin","LOUNGE",""
"lfsosa_12.08.2002/IMG_2637.JPG","640","480","","45.0","202.0","561.0","93.0","0.0","0.0","admin","GENTLEMEN",""
"lfsosa_12.08.2002/IMG_2638.JPG","640","480","","118.0","184.0","414.0","108.0","0.0","0.0","admin","LADIES",""
"lfsosa_12.08.2002/IMG_2639.JPG","640","480","","210.0","138.0","364.0","113.0","0.0","0.0","admin","Helena",""
"","","","","154.0","250.0","325.0","115.0","0.0","0.0","admin","Room",""
"","","","","71.0","140.0","131.0","111.0","0.0","0.0","admin","St.",""
"lfsosa_12.08.2002/IMG_2640.JPG","640","480","","76.0","167.0","479.0","84.0","0.0","0.0","admin","Constantine",""
"","","","","195.0","250.0","240.0","88.0","0.0","0.0","admin","Room",""
"lfsosa_12.08.2002/IMG_2641.JPG","640","480","","82.0","178.0","489.0","169.0","0.0","0.0","admin","BAR",""
"lfsosa_12.08.2002/IMG_2642.JPG","640","480","","42.0","179.0","550.0","120.0","0.0","0.0","admin","SIGNO",""
"lfsosa_12.08.2002/IMG_2643.JPG","640","480","","35.0","197.0","586.0","113.0","0.0","0.0","admin","VINCES",""
"lfsosa_12.08.2002/IMG_2644.JPG","640","480","","222.0","29.0","186.0","61.0","0.0","0.0","admin","baby's",""
"","","","","137.0","323.0","336.0","116.0","0.0","0.0","admin","book",""
"","","","","149.0","226.0","319.0","96.0","0.0","0.0","admin","word",""
"","","","","64.0","84.0","505.0","134.0","0.0","0.0","admin","animal",""
"lfsosa_12.08.2002/IMG_2645.JPG","640","480","","219.0","189.0","236.0","117.0","0.0","0.0","admin","PUSH",""
"lfsosa_12.08.2002/IMG_2646.JPG","640","480","","152.0","148.0","295.0","150.0","0.0","0.0","admin","PULL",""
"lfsosa_12.08.2002/IMG_2647.JPG","640","480","","161.0","91.0","217.0","72.0","0.0","0.0","admin","Break",""
"","","","","164.0","261.0","174.0","50.0","0.0","0.0","admin","case",""
"","","","","161.0","322.0","113.0","65.0","0.0","0.0","admin","fire",""
"","","","","163.0","173.0","193.0","79.0","0.0","0.0","admin","glass",""
"","","","","376.0","174.0","67.0","69.0","0.0","0.0","admin","in",""
"","","","","363.0","253.0","77.0","60.0","0.0","0.0","admin","of",""
"lfsosa_12.08.2002/IMG_2648.JPG","640","208","","43.0","52.0","554.0","63.0","0.0","0.0","admin","CONSTANTINE",""
"lfsosa_12.08.2002/IMG_2653.JPG","640","480","","66.0","201.0","499.0","103.0","0.0","0.0","admin","TOYOTA",""
"lfsosa_12.08.2002/IMG_2654.JPG","640","480","","2.0","139.0","139.0","45.0","0.0","0.0","admin","ARENA",""
"","","","","162.0","136.0","195.0","44.0","0.0","0.0","admin","LEISURE",""
"","","","","196.0","209.0","191.0","47.0","0.0","0.0","admin","LIMITED",""
"","","","","342.0","286.0","129.0","51.0","0.0","0.0","admin","Office",""
"","","","","117.0","287.0","202.0","53.0","0.0","0.0","admin","Registered",""
"","","","","379.0","130.0","232.0","48.0","0.0","0.0","admin","SERVICES",""
"lfsosa_12.08.2002/IMG_2655.JPG","640","480","","25.0","222.0","582.0","129.0","26.0","0.0","admin","CARLING",""
"lfsosa_12.08.2002/IMG_2657.JPG","640","480","","90.0","163.0","452.0","155.0","74.0","0.0","admin","B&H",""
"lfsosa_12.08.2002/IMG_2658.JPG","640","480","","28.0","189.0","594.0","136.0","0.0","0.0","admin","STUDIO",""
"lfsosa_12.08.2002/IMG_2659.JPG","640","480","","330.0","172.0","263.0","45.0","0.0","0.0","admin","admittance",""
"","","","","291.0","233.0","261.0","39.0","0.0","0.0","admin","Authorised",""
"","","","","246.0","173.0","70.0","43.0","0.0","0.0","admin","No",""
"","","","","502.0","289.0","98.0","49.0","0.0","0.0","admin","only",""
"","","","","244.0","290.0","238.0","48.0","0.0","0.0","admin","personnel",""
"lfsosa_12.08.2002/IMG_2660.JPG","640","301","","12.0","215.0","609.0","76.0","0.0","0.0","admin","COLCHESTER",""
"lfsosa_12.08.2002/IMG_2661.JPG","640","480","","41.0","240.0","580.0","212.0","0.0","0.0","admin","COKE",""
"","","","","222.0","81.0","325.0","172.0","70.0","0.0","admin","Diet",""
"","","","","464.0","465.0","95.0","14.0","0.0","0.0","admin","MARK",""
"","","","","168.0","460.0","170.0","18.0","0.0","0.0","admin","REFISTERED",""
"","","","","350.0","464.0","101.0","15.0","0.0","0.0","admin","TRADE",""
"lfsosa_12.08.2002/IMG_2662.JPG","640","465","","144.0","285.0","354.0","161.0","0.0","0.0","admin","out",""
"","","","","122.0","65.0","424.0","199.0","0.0","0.0","admin","Way",""
"lfsosa_12.08.2002/IMG_2663.JPG","640","480","","58.0","158.0","471.0","144.0","0.0","0.0","admin","EXIT",""
"lfsosa_12.08.2002/IMG_2664.JPG","640","480","","125.0","250.0","336.0","152.0","0.0","0.0","admin","TAN",""
"lfsosa_12.08.2002/IMG_2666.JPG","640","480","","83.0","87.0","489.0","92.0","0.0","0.0","admin","Telephone",""
"lfsosa_12.08.2002/IMG_2667.JPG","640","480","","100.0","146.0","487.0","223.0","0.0","0.0","admin","HEALTH",""
"lfsosa_12.08.2002/IMG_2669.JPG","640","480","","12.0","197.0","604.0","92.0","0.0","0.0","admin","Portakabin",""
"lfsosa_12.08.2002/IMG_2670.JPG","640","480","","163.0","163.0","359.0","76.0","0.0","0.0","admin","Rayleigh",""
"lfsosa_12.08.2002/IMG_2671.JPG","640","480","","283.0","178.0","196.0","46.0","0.0","0.0","admin","Centre",""
"","","","","64.0","245.0","333.0","53.0","0.0","0.0","admin","Greenwood",""
"","","","","68.0","173.0","192.0","51.0","0.0","0.0","admin","Health",""
"","","","","419.0","249.0","175.0","48.0","0.0","0.0","admin","House",""
"lfsosa_12.08.2002/IMG_2672.JPG","640","480","","35.0","162.0","568.0","102.0","0.0","0.0","admin","BARCLAYS",""
"lfsosa_12.08.2002/IMG_2673.JPG","640","480","","38.0","121.0","579.0","136.0","40.0","0.0","admin","Campus",""
"","","","","93.0","255.0","346.0","139.0","34.0","0.0","admin","Shop",""
"lfsosa_12.08.2002/IMG_2674.JPG","626","179","","28.0","22.0","569.0","143.0","44.0","0.0","admin","Colgate",""
"","","","","340.0","140.0","105.0","20.0","10.0","0.0","admin","Fluoride",""
"","","","","453.0","138.0","138.0","20.0","10.0","0.0","admin","Toothpaste",""
"lfsosa_12.08.2002/IMG_2675.JPG","536","263","","36.0","175.0","435.0","60.0","0.0","0.0","admin","GARNIER",""
"","","","","108.0","153.0","357.0","25.0","0.0","0.0","admin","LABORATOIRES",""
"lfsosa_12.08.2002/IMG_2676.JPG","458","348","","59.0","145.0","349.0","55.0","0.0","0.0","admin","PANTENE",""
"","","","","244.0","216.0","138.0","32.0","0.0","0.0","admin","PRO-V",""
"lfsosa_12.08.2002/IMG_2678.JPG","640","167","","99.0","9.0","429.0","43.0","0.0","0.0","admin","COOLMINT",""
"","","","","57.0","50.0","510.0","110.0","0.0","0.0","admin","LISTERINE",""
"lfsosa_12.08.2002/IMG_2679.JPG","640","480","","154.0","392.0","98.0","46.0","0.0","0.0","admin","2nd",""
"","","","","275.0","393.0","183.0","46.0","0.0","0.0","admin","Edition",""
"","","","","56.0","96.0","487.0","50.0","0.0","0.0","admin","PROFESSIONAL",""
"","","","","14.0","184.0","594.0","181.0","0.0","0.0","admin","XML",""
"lfsosa_12.08.2002/IMG_2682.JPG","640","466","","49.0","167.0","317.0","119.0","0.0","0.0","admin","Java",""
"","","","","56.0","92.0","338.0","69.0","0.0","0.0","admin","professional",""
"","","","","257.0","319.0","361.0","74.0","0.0","0.0","admin","Services",""
"","","","","50.0","319.0","183.0","76.0","0.0","0.0","admin","Web",""
"lfsosa_12.08.2002/IMG_2683.JPG","537","252","","229.0","139.0","24.0","17.0","0.0","0.0","admin","-",""
"","","","","283.0","76.0","26.0","21.0","0.0","0.0","admin","-",""
"","","","","4.0","49.0","281.0","58.0","0.0","0.0","admin","ESPA�OL",""
"","","","","249.0","112.0","284.0","54.0","0.0","0.0","admin","ESPA�OL",""
"","","","","6.0","108.0","221.0","59.0","0.0","0.0","admin","INGL�S",""
"","","","","305.0","51.0","222.0","56.0","0.0","0.0","admin","INGL�S",""
"ryoungt_03.09.2002/036._.jpg","480","640","","197.0","527.0","164.0","53.0","-4.0","0.0","admin","FREEDOM",""
"ryoungt_03.09.2002/ball.jpg","640","480","","","","","","","","","",""
"ryoungt_03.09.2002/benone.jpg","640","480","","","","","","","","","",""
"ryoungt_03.09.2002/from_joanne.jpg","930","403","","66.0","71.0","145.0","63.0","0.0","0.0","admin","Robert",""
"","","","","50.0","162.0","116.0","52.0","0.0","0.0","admin","Just",""
"","","","","191.0","172.0","50.0","40.0","0.0","0.0","admin","to",""
"","","","","267.0","172.0","62.0","42.0","0.0","0.0","admin","let",""
"","","","","347.0","181.0","28.0","30.0","0.0","0.0","admin","u",""
"","","","","399.0","169.0","109.0","40.0","0.0","0.0","admin","Know",""
"","","","","561.0","161.0","108.0","61.0","0.0","0.0","admin","being",""
"","","","","698.0","168.0","29.0","35.0","0.0","0.0","admin","a",""
"","","","","61.0","226.0","151.0","41.0","0.0","0.0","admin","student",""
"","","","","246.0","229.0","83.0","36.0","0.0","0.0","admin","does",""
"","","","","341.0","228.0","58.0","34.0","0.0","0.0","admin","not",""
"","","","","413.0","221.0","87.0","61.0","0.0","0.0","admin","give",""
"","","","","518.0","231.0","27.0","24.0","0.0","0.0","admin","u",""
"","","","","577.0","214.0","142.0","41.0","0.0","0.0","admin","licence",""
"","","","","741.0","215.0","32.0","37.0","0.0","0.0","admin","to",""
"","","","","63.0","274.0","70.0","40.0","0.0","0.0","admin","live",""
"","","","","168.0","272.0","79.0","45.0","0.0","0.0","admin","like",""
"","","","","271.0","282.0","22.0","29.0","0.0","0.0","admin","a",""
"","","","","321.0","273.0","112.0","45.0","0.0","0.0","admin","tramp",""
"","","","","442.0","268.0","21.0","42.0","0.0","0.0","admin","!",""
"","","","","486.0","279.0","31.0","28.0","0.0","0.0","admin","u",""
"","","","","527.0","272.0","90.0","55.0","0.0","0.0","admin","may",""
"","","","","646.0","269.0","64.0","36.0","0.0","0.0","admin","not",""
"","","","","68.0","330.0","199.0","47.0","0.0","0.0","admin","appreciate",""
"","","","","298.0","324.0","135.0","56.0","0.0","0.0","admin","hygiene",""
"","","","","467.0","318.0","69.0","42.0","0.0","0.0","admin","but",""
"","","","","551.0","322.0","120.0","38.0","0.0","0.0","admin","others",""
"","","","","689.0","316.0","53.0","46.0","0.0","0.0","admin","do",""
"","","","","746.0","317.0","24.0","45.0","0.0","0.0","admin","!",""
"ryoungt_03.09.2002/goose.jpg","1280","960","","","","","","","","","",""
"ryoungt_03.09.2002/mach.jpg","960","1280","","","","","","","","","",""
"ryoungt_03.09.2002/PICT0004.JPG","480","640","","126.0","72.0","269.0","44.0","0.0","0.0","admin","WALLACE",""
"","","","","108.0","589.0","316.0","39.0","0.0","0.0","admin","MONUMENT",""
"ryoungt_03.09.2002/PICT0005.JPG","480","640","","12.0","570.0","63.0","26.0","0.0","0.0","admin","YOU",""
"","","","","89.0","567.0","64.0","27.0","0.0","0.0","admin","ARE",""
"","","","","40.0","598.0","84.0","29.0","0.0","0.0","admin","HERE",""
"ryoungt_03.09.2002/PICT0010.JPG","1280","960","","389.0","188.0","445.0","134.0","0.0","0.0","admin","Gates",""
"","","","","390.0","304.0","200.0","107.0","0.0","0.0","admin","30",""
"","","","","623.0","325.0","125.0","101.0","0.0","0.0","admin","&",""
"","","","","788.0","338.0","191.0","112.0","0.0","0.0","admin","88",""
"","","","","427.0","491.0","620.0","133.0","-4.0","0.0","admin","Emergency",""
"","","","","428.0","604.0","222.0","86.0","0.0","0.0","admin","exit",""
"","","","","631.0","328.0","121.0","105.0","0.0","0.0","admin","&",""
"ryoungt_03.09.2002/PICT0011.JPG","1280","960","","635.0","425.0","310.0","68.0","-14.0","0.0","admin","RYANAIR",""
"ryoungt_03.09.2002/PICT0015.JPG","1280","960","","183.0","358.0","243.0","163.0","0.0","0.0","admin","D",""
"","","","","468.0","231.0","708.0","346.0","0.0","0.0","admin","DIESEL",""
"","","","","153.0","579.0","273.0","75.0","0.0","0.0","admin","DENIM",""
"","","","","508.0","570.0","637.0","100.0","0.0","0.0","admin","DIVISION",""
"ryoungt_03.09.2002/PICT0019.JPG","480","640","","243.0","579.0","35.0","13.0","0.0","0.0","admin","THE",""
"","","","","203.0","590.0","115.0","25.0","0.0","0.0","admin","WALLACE",""
"","","","","220.0","613.0","87.0","23.0","0.0","0.0","admin","SWORD",""
"ryoungt_03.09.2002/Pict0020.jpg","960","1280","","422.0","-16.0","512.0","153.0","0.0","0.0","admin","SCOTTISH",""
"","","","","397.0","427.0","489.0","103.0","0.0","0.0","admin","NATIONAL",""
"","","","","385.0","833.0","401.0","112.0","0.0","0.0","admin","GALLERY",""
"","","","","375.0","1153.0","420.0","123.0","0.0","0.0","admin","MODERN",""
"ryoungt_03.09.2002/PICT0022.JPG","480","640","","179.0","533.0","115.0","18.0","0.0","0.0","admin","GLADSTONE",""
"","","","","257.0","555.0","41.0","17.0","0.0","0.0","admin","1898",""
"","","","","175.0","557.0","41.0","17.0","0.0","0.0","admin","1809",""
"ryoungt_03.09.2002/PICT0023.JPG","640","480","","169.0","114.0","377.0","93.0","0.0","0.0","admin","HALL",""
"","","","","270.0","229.0","174.0","83.0","0.0","0.0","admin","OF",""
"","","","","95.0","330.0","521.0","89.0","0.0","0.0","admin","HEROES",""
"ryoungt_03.09.2002/PICT0025.JPG","640","480","","91.0","178.0","261.0","51.0","0.0","0.0","admin","DOLLAR",""
"","","","","385.0","174.0","164.0","51.0","0.0","0.0","admin","GLEN",""
"","","","","266.0","245.0","114.0","40.0","0.0","0.0","admin","AND",""
"","","","","59.0","306.0","214.0","48.0","0.0","0.0","admin","CASTLE",""
"","","","","304.0","306.0","281.0","46.0","0.0","0.0","admin","CAMPBELL",""
"ryoungt_03.09.2002/PICT0026.JPG","640","480","","7.0","92.0","256.0","48.0","0.0","0.0","admin","ANCIENT",""
"","","","","286.0","94.0","333.0","57.0","0.0","0.0","admin","MONUMENT",""
"","","","","101.0","176.0","423.0","102.0","0.0","0.0","admin","CASTLE",""
"","","","","36.0","294.0","537.0","80.0","0.0","0.0","admin","CAMPBELL",""
"","","","","51.0","175.0","42.0","41.0","0.0","0.0","admin","Sc",""
"","","","","57.0","211.0","26.0","23.0","0.0","0.0","admin","4",""
"","","","","39.0","237.0","62.0","34.0","0.0","0.0","admin","KN",""
"ryoungt_03.09.2002/PICT0029.JPG","640","480","","114.0","189.0","281.0","60.0","0.0","0.0","admin","RESERVED",""
"","","","","411.0","187.0","95.0","53.0","0.0","0.0","admin","FOR",""
"","","","","102.0","271.0","127.0","53.0","0.0","0.0","admin","CLUB",""
"","","","","252.0","266.0","275.0","57.0","0.0","0.0","admin","SECRETARY",""
"ryoungt_03.09.2002/PICT0030.JPG","640","480","","120.0","202.0","186.0","53.0","0.0","0.0","admin","DOLLAR",""
"","","","","315.0","202.0","106.0","53.0","0.0","0.0","admin","GOLF",""
"","","","","433.0","196.0","113.0","55.0","0.0","0.0","admin","CLUB",""
"","","","","87.0","91.0","26.0","50.0","8.0","0.0","admin","ADT",""
"ryoungt_03.09.2002/PICT0031.JPG","640","480","","455.0","346.0","40.0","20.0","0.0","0.0","admin","WEST",""
"","","","","499.0","350.0","66.0","18.0","0.0","0.0","admin","BURNSIDE",""
"ryoungt_03.09.2002/PICT0042.JPG","640","480","","143.0","197.0","56.0","30.0","8.0","0.0","admin","THE",""
"","","","","215.0","190.0","122.0","34.0","6.0","0.0","admin","DOLLAR",""
"","","","","358.0","184.0","112.0","31.0","0.0","0.0","admin","ARMS",""
"ryoungt_03.09.2002/PICT0043.JPG","640","480","","420.0","296.0","81.0","21.0","0.0","0.0","admin","CASTLE",""
"","","","","511.0","291.0","111.0","22.0","0.0","0.0","admin","CAMPBELL",""
"ryoungt_03.09.2002/PICT0048.JPG","640","480","","77.0","393.0","27.0","18.0","0.0","0.0","admin","No",""
"","","","","110.0","392.0","83.0","24.0","0.0","0.0","admin","footway",""
"","","","","73.0","414.0","29.0","19.0","0.0","0.0","admin","for",""
"","","","","109.0","414.0","45.0","19.0","0.0","0.0","admin","450",""
"","","","","158.0","413.0","38.0","24.0","0.0","0.0","admin","yds",""
"ryoungt_03.09.2002/PICT0049.JPG","480","640","","30.0","524.0","259.0","68.0","2.8073394495412844","0.0","admin","Miralejo",""
"ryoungt_03.09.2002/PICT0052.JPG","640","480","","111.0","107.0","226.0","37.0","0.0","0.0","admin","STIRLING",""
"","","","","348.0","107.0","178.0","32.0","0.0","0.0","admin","CASTLE",""
"","","","","70.0","278.0","233.0","40.0","0.0","0.0","admin","ARGYLL'S",""
"","","","","316.0","274.0","259.0","42.0","0.0","0.0","admin","LODGINGS",""
"ryoungt_05.08.2002/052.Kungstradgarden.jpg","1280","960","","221.0","618.0","45.0","32.0","0.0","0.0","admin","ERSIT",""
"","","","","1168.0","538.0","112.0","47.0","0.0","0.0","admin","OL",""
"","","","","226.0","657.0","39.0","20.0","0.0","0.0","admin","SEX",""
"","","","","486.0","154.0","692.0","105.0","0.0","0.0","admin","VOLVO",""
"","","","","807.0","470.0","56.0","10.0","0.0","0.0","admin","VOLVO",""
"ryoungt_05.08.2002/abPICT0005.JPG","1280","960","","265.0","170.0","109.0","85.0","0.0","0.0","admin","b",""
"","","","","35.0","275.0","1117.0","293.0","246.0","0.0","admin","bjork",""
"","","","","334.0","583.0","470.0","98.0","0.0","0.0","admin","Homogenic",""
"ryoungt_05.08.2002/aPICT0001.JPG","1280","960","","888.0","613.0","57.0","53.0","0.0","0.0","admin","18",""
"","","","","968.0","612.0","41.0","54.0","0.0","0.0","admin","8",""
"","","","","773.0","800.0","352.0","96.0","0.0","0.0","admin","SMIRNOFF",""
"ryoungt_05.08.2002/aPICT0002.JPG","1280","960","","501.0","632.0","274.0","51.0","0.0","0.0","admin","jeanswear",""
"","","","","442.0","536.0","400.0","106.0","0.0","0.0","admin","moto",""
"ryoungt_05.08.2002/aPICT0004.JPG","627","755","","571.0","498.0","38.0","61.0","0.0","0.0","admin","1l",""
"","","","","51.0","599.0","234.0","151.0","0.0","0.0","admin","BISON",""
"","","","","49.0","527.0","25.0","44.0","0.0","0.0","admin","ol.",""
"","","","","338.0","587.0","257.0","157.0","0.0","0.0","admin","VODKA",""
"","","","","26.0","3.0","567.0","175.0","0.0","0.0","admin","ZUBROWKA",""
"ryoungt_05.08.2002/aPICT0006.JPG","1280","960","","402.0","623.0","265.0","55.0","0.0","0.0","admin","CANCER",""
"","","","","525.0","448.0","270.0","112.0","0.0","0.0","admin","FOR",""
"","","","","825.0","417.0","272.0","131.0","0.0","0.0","admin","LIFE",""
"","","","","125.0","409.0","347.0","153.0","0.0","0.0","admin","RACE",""
"","","","","685.0","594.0","345.0","78.0","0.0","0.0","admin","RESEARCH",""
"","","","","146.0","229.0","333.0","105.0","0.0","0.0","admin","TESCO",""
"","","","","1040.0","590.0","88.0","63.0","0.0","0.0","admin","UK",""
"ryoungt_05.08.2002/aPICT0007.JPG","1280","960","","322.0","806.0","228.0","122.0","0.0","0.0","admin","liquid",""
"","","","","427.0","452.0","259.0","55.0","0.0","0.0","admin","TESCO",""
"","","","","722.0","721.0","67.0","77.0","0.0","0.0","admin","up",""
"","","","","355.0","549.0","383.0","88.0","0.0","0.0","admin","VALUE",""
"","","","","317.0","706.0","380.0","118.0","0.0","0.0","admin","Washing",""
"ryoungt_05.08.2002/aPICT0010.JPG","1280","960","","594.0","663.0","351.0","84.0","0.0","0.0","admin","alarm",""
"","","","","346.0","792.0","206.0","72.0","0.0","0.0","admin","call",""
"","","","","310.0","659.0","243.0","87.0","0.0","0.0","admin","Fire",""
"","","","","599.0","797.0","308.0","88.0","0.0","0.0","admin","point",""
"ryoungt_05.08.2002/aPICT0011.JPG","1280","960","","56.0","763.0","184.0","49.0","0.0","0.0","admin","4B.522",""
"","","","","50.0","601.0","182.0","45.0","0.0","0.0","admin","4B.524",""
"","","","","44.0","429.0","192.0","50.0","0.0","0.0","admin","4B.526",""
"","","","","61.0","245.0","186.0","58.0","0.0","0.0","admin","4B.528",""
"","","","","592.0","547.0","120.0","41.0","0.0","0.0","admin","ARE",""
"","","","","742.0","549.0","161.0","44.0","0.0","0.0","admin","HERE",""
"","","","","441.0","544.0","120.0","44.0","0.0","0.0","admin","YOU",""
"ryoungt_05.08.2002/aPICT0013.JPG","985","853","","81.0","337.0","406.0","74.0","0.0","0.0","admin","ACCESS",""
"","","","","6.0","719.0","728.0","133.0","22.0","0.0","admin","BAGGAGE",""
"","","","","719.0","322.0","258.0","63.0","0.0","0.0","admin","KNOW",""
"","","","","542.0","333.0","120.0","59.0","0.0","0.0","admin","TO",""
"ryoungt_05.08.2002/aPICT0014.JPG","1280","960","","331.0","355.0","634.0","208.0","52.0","0.0","admin","IIYama",""
"ryoungt_05.08.2002/aPICT0017.JPG","1280","960","","51.0","107.0","149.0","70.0","0.0","0.0","admin","USE",""
"","","","","471.0","240.0","341.0","73.0","0.0","0.0","admin","BOARDS",""
"","","","","455.0","103.0","389.0","72.0","0.0","0.0","admin","DRI-WIPE",""
"","","","","868.0","105.0","382.0","77.0","0.0","0.0","admin","MARKERS",""
"","","","","57.0","239.0","110.0","69.0","0.0","0.0","admin","ON",""
"","","","","219.0","102.0","216.0","73.0","0.0","0.0","admin","ONLY",""
"","","","","189.0","240.0","254.0","67.0","0.0","0.0","admin","THESE",""
"ryoungt_05.08.2002/aPICT0018.JPG","960","1280","","730.0","30.0","56.0","40.0","0.0","0.0","admin","2N",""
"","","","","59.0","34.0","284.0","72.0","0.0","0.0","admin","4.513B",""
"","","","","255.0","191.0","458.0","81.0","0.0","0.0","admin","Computing",""
"","","","","10.0","855.0","923.0","327.0","0.0","0.0","admin","DESK",""
"","","","","42.0","438.0","880.0","346.0","0.0","0.0","admin","HELP",""
"","","","","324.0","291.0","320.0","66.0","0.0","0.0","admin","Service",""
"ryoungt_05.08.2002/aPICT0020.JPG","713","731","","88.0","563.0","380.0","70.0","0.0","0.0","admin","C.C.T.V.",""
"","","","","535.0","561.0","94.0","66.0","0.0","0.0","admin","IN",""
"","","","","51.0","652.0","612.0","75.0","0.0","0.0","admin","OPERATION",""
"ryoungt_05.08.2002/aPICT0021.JPG","893","1209","","160.0","718.0","733.0","101.0","0.0","0.0","admin","CIGARETTES",""
"","","","","451.0","1010.0","157.0","80.0","0.0","0.0","admin","NO",""
"","","","","375.0","827.0","301.0","88.0","0.0","0.0","admin","ONLY",""
"","","","","360.0","1090.0","339.0","76.0","0.0","0.0","admin","PAPER",""
"","","","","320.0","923.0","415.0","81.0","0.0","0.0","admin","PLEASE",""
"ryoungt_05.08.2002/aPICT0023.JPG","1280","960","","302.0","319.0","257.0","62.0","0.0","0.0","admin","ENTRY",""
"","","","","194.0","573.0","362.0","78.0","0.0","0.0","admin","FLASHING",""
"","","","","462.0","506.0","66.0","56.0","0.0","0.0","admin","IS",""
"","","","","216.0","490.0","225.0","65.0","0.0","0.0","admin","LIGHT",""
"","","","","184.0","313.0","104.0","61.0","0.0","0.0","admin","NO",""
"","","","","415.0","412.0","155.0","60.0","0.0","0.0","admin","RED",""
"","","","","177.0","403.0","217.0","63.0","0.0","0.0","admin","WHEN",""
"ryoungt_05.08.2002/aPICT0024.JPG","1280","960","","487.0","593.0","365.0","102.0","0.0","0.0","admin","Office",""
"","","","","66.0","420.0","564.0","104.0","0.0","0.0","admin","Overseas",""
"","","","","724.0","433.0","530.0","100.0","0.0","0.0","admin","Relations",""
"ryoungt_05.08.2002/aPICT0025.JPG","960","1280","","726.0","492.0","34.0","23.0","0.0","0.0","admin","DO",""
"","","","","714.0","456.0","38.0","28.0","0.0","0.0","admin","help",""
"","","","","522.0","328.0","17.0","24.0","0.0","0.0","admin","If",""
"","","","","730.0","320.0","18.0","29.0","0.0","0.0","admin","in",""
"","","","","526.0","460.0","98.0","26.0","0.0","0.0","admin","Information",""
"","","","","686.0","389.0","86.0","23.0","0.0","0.0","admin","intervals.",""
"","","","","786.0","317.0","26.0","29.0","0.0","0.0","admin","lift",""
"","","","","763.0","488.0","40.0","28.0","0.0","0.0","admin","NOT",""
"","","","","699.0","286.0","67.0","23.0","0.0","0.0","admin","NOTICE",""
"","","","","806.0","485.0","57.0","30.0","0.0","0.0","admin","PANIC.",""
"","","","","525.0","359.0","58.0","27.0","0.0","0.0","admin","please",""
"","","","","656.0","492.0","66.0","24.0","0.0","0.0","admin","PLEASE",""
"","","","","589.0","359.0","51.0","24.0","0.0","0.0","admin","press",""
"","","","","621.0","289.0","71.0","22.0","0.0","0.0","admin","SAFETY",""
"","","","","621.0","391.0","63.0","23.0","0.0","0.0","admin","second",""
"","","","","651.0","424.0","52.0","27.0","0.0","0.0","admin","sound",""
"","","","","642.0","358.0","34.0","20.0","0.0","0.0","admin","the",""
"","","","","734.0","424.0","32.0","24.0","0.0","0.0","admin","the",""
"","","","","531.0","426.0","30.0","24.0","0.0","0.0","admin","The",""
"","","","","752.0","323.0","32.0","21.0","0.0","0.0","admin","the",""
"","","","","656.0","324.0","70.0","25.0","0.0","0.0","admin","trapped",""
"","","","","757.0","458.0","26.0","25.0","0.0","0.0","admin","will",""
"","","","","621.0","425.0","29.0","26.0","0.0","0.0","admin","will",""
"","","","","526.0","495.0","64.0","23.0","0.0","0.0","admin","without",""
"","","","","543.0","330.0","34.0","20.0","0.0","0.0","admin","you",""
"","","","","681.0","358.0","46.0","24.0","0.0","0.0","admin","alarm",""
"","","","","569.0","424.0","47.0","29.0","0.0","0.0","admin","alarm",""
"","","","","675.0","459.0","36.0","22.0","0.0","0.0","admin","and",""
"","","","","789.0","458.0","51.0","20.0","0.0","0.0","admin","arrive",""
"","","","","795.0","356.0","22.0","24.0","0.0","0.0","admin","at",""
"","","","","709.0","426.0","22.0","23.0","0.0","0.0","admin","at",""
"","","","","583.0","325.0","65.0","20.0","0.0","0.0","admin","become",""
"","","","","732.0","354.0","56.0","25.0","0.0","0.0","admin","button",""
"","","","","596.0","494.0","52.0","30.0","0.0","0.0","admin","delay.",""
"","","","","629.0","460.0","40.0","24.0","0.0","0.0","admin","desk",""
"ryoungt_05.08.2002/aPICT0026.JPG","1280","960","","940.0","633.0","112.0","128.0","0.0","0.0","admin","4",""
"","","","","770.0","253.0","453.0","147.0","0.0","0.0","admin","EXIT",""
"","","","","228.0","638.0","633.0","135.0","0.0","0.0","admin","FLOOR",""
"","","","","62.0","253.0","602.0","151.0","0.0","0.0","admin","NIGHT",""
"","","","","501.0","450.0","260.0","146.0","0.0","0.0","admin","ON",""
"ryoungt_05.08.2002/aPICT0027.JPG","1280","960","","185.0","588.0","577.0","125.0","0.0","0.0","admin","TOILET",""
"","","","","252.0","770.0","215.0","133.0","0.0","0.0","admin","OF",""
"","","","","503.0","773.0","568.0","125.0","0.0","0.0","admin","ORDER",""
"","","","","805.0","588.0","328.0","120.0","0.0","0.0","admin","OUT",""
"","","","","388.0","394.0","557.0","129.0","0.0","0.0","admin","SORRY",""
